Workbook

Sheet Paper - Table 2
A1: Project Name | B1: Dynamic analysis | D1: No Analise Dinamic | G1: Code coverage | Q1: Profiling | AH1: Function-level Tracing
B2: Metrics | D2: Quantity that had to | G2: Quantity that had the Percentage of Coverage | J2: passed | M2: failed | Q2: Quantity that had the Percentage of Profiling | T2: passed ncalls | W2: failed ncalls | AA2: passed cumtime_top20 | AD2: failed cumtime_top20 | AH2: Quantity that had the Percentage of Tracing | AK2: passed Tracing_Size_Bytes (Bytes) | AN2: failed Tracing_Size_Bytes (Bytes)
B3: Test Name | C3: Hash | D3: #Passed | E3: #Failed | F3: Result | G3: #Passed | H3: #Failed | I3: Result | J3: AVG | K3: SD | L3: CV | M3: AVG | N3: SD | O3: CV | P3: Groups | Q3: #Passed | R3: #Failed | S3: Result | T3: AVG | U3: SD | V3: CV | W3: AVG | X3: SD | Y3: CV | Z3: Groups | AA3: AVG | AB3: SD | AC3: CV | AD3: AVG | AE3: SD | AF3: CV | AG3: Groups | AH3: #Passed | AI3: #Failed | AJ3: Result | AK3: AVG | AL3: SD | AM3: CV | AN3: AVG | AO3: SD | AP3: CV | AQ3: Groups | AR3: Result Final
A4: airflow | B4: test_cli.py::TestLogsfromTaskRunCommand::test_logging_with_run_task_subprocess | C4: 3133846b53e1a2803391ca17f0cf198bd3dda19602accf13567ff41106e9c994 | D4: 0 | E4: 100 | F4: =IF(AND(D4>0, E4>0), "Observed Flaky Test", "Non-observed Flaky Test") -> Non-observed Flaky Test | G4: 0 | H4: 100 | I4: =IF(AND(G4>0, H4>0), "Observed Flaky Test", "Non-observed Flaky Test") -> Non-observed Flaky Test | J4: 0 | K4: 0 | L4: =IFERROR(K4/J4*100,"N/A") -> N/A | M4: 7.73 | N4: 0 | O4: =IFERROR(N4/M4*100,"N/A") -> 0 | P4: =IF(AND(G4>0, H4=0), IF(ROUND(K4,8)=0, "Group 9: Only Passed | Without variation (SD Passed = 0)", "Group 10: Only Passed | With variation (SD Passed > 0)"), IF(AND(G4=0, H4>0), IF(ROUND(N4,8)=0, "Group 11: Only Failed | Without variation (SD Failed = 0)", "Group 12: Only Failed | With variation (SD Failed > 0)"), IF(AND(G4>0, H4>0), IF(ROUND(J4,5)<>ROUND(M4,5), IF(AND(ROUND(K4,8)=0, ROUND(N4,8)=0), "Group 1: Flaky | Passed (no variation) AND Failed (no variation) | Different Means", IF(AND(ROUND(K4,8)>0, ROUND(N4,8)>0), "Group 2: Flaky | Passed (with variation) AND Failed (with variation) | Different Means", IF(AND(ROUND(K4,8)=0, ROUND(N4,8)>0), "Group 3: Flaky | Passed (no variation) AND Failed (with variation) | Different Means", "Group 4: Flaky | Passed (with variation) AND Failed (no variation) | Different Means"))), IF(AND(ROUND(K4,8)=0, ROUND(N4,8)=0), "Group 5: Flaky | Passed (no variation) AND Failed (no variation) | Equal Means", IF(AND(ROUND(K4,8)>0, ROUND(N4,8)>0), "Group 6: Flaky | Passed (with variation) AND Failed (with variation) | Equal Means", IF(AND(ROUND(K4,8)=0, ROUND(N4,8)>0), "Group 7: Flaky | Passed (no variation) AND Failed (with variation) | Equal Means", "Group 8: Flaky | Passed (with variation) AND Failed (no variation) | Equal Means")))), "Invalid"))) -> Group 11: Only Failed | Without variation (SD Failed = 0) | Q4: 0 | R4: 100 | S4: =IF(AND(Q4>0, R4>0), "Observed Flaky Test", "Non-observed Flaky Test") -> Non-observed Flaky Test | T4: 0 | U4: 0 | V4: =IFERROR(U4/T4*100,"N/A") -> N/A | W4: 3332004.4 | X4: 18.331835 | Y4: =IFERROR(X4/W4*100,"N/A") -> 0.0005501744 | Z4: =IF(AND(Q4>0, R4=0), IF(IFERROR(ROUND(V4,8),0)=0, "Group 9: Only Passed | Without variation (no var CV = 0)", "Group 10: Only Passed | With variation (with var CV > 0)"), IF(AND(Q4=0, R4>0), IF(IFERROR(ROUND(Y4,8),0)=0, "Group 11: Only Failed | Without variation (no var CV = 0)", "Group 12: Only Failed | With variation (with var CV > 0)"), IF(AND(Q4>0, R4>0), IF(ROUND(T4,5)<>ROUND(W4,5), IF(AND(IFERROR(ROUND(V4,8),0)=0, IFERROR(ROUND(Y4,8),0)=0), "Group 1: Flaky | Passed (no variation: CV = 0) AND Failed (no variation: CV = 0) | Different Means", IF(AND(IFERROR(ROUND(V4,8),0)>0, IFERROR(ROUND(Y4,8),0)>0), "Group 2: Flaky | Passed (with variation: CV > 0) AND Failed (with variation: CV > 0) | Different Means", IF(AND(IFERROR(ROUND(V4,8),0)=0, IFERROR(ROUND(Y4,8),0)>0), "Group 3: Flaky | Passed (no variation: CV = 0) AND Failed (with variation: CV > 0) | Different Means", "Group 4: Flaky | Passed (with variation: CV > 0) AND Failed (no variation: CV = 0) | Different Means"))), IF(AND(IFERROR(ROUND(V4,8),0)=0, IFERROR(ROUND(Y4,8),0)=0), "Group 5: Flaky | Passed (no var CV = 0) AND Failed (no var CV = 0) | Equal Means", IF(AND(IFERROR(ROUND(V4,8),0)>0, IFERROR(ROUND(Y4,8),0)>0), "Group 6: Flaky | Passed (with var CV > 0) AND Failed (with var CV > 0) | Equal Means", IF(AND(IFERROR(ROUND(V4,8),0)=0, IFERROR(ROUND(Y4,8),0)>0), "Group 7: Flaky | Passed (no var CV = 0) AND Failed (with var CV > 0) | Equal Means", "Group 8: Flaky | Passed (with var CV > 0) AND Failed (no var CV = 0) | Equal Means")))), "Invalid"))) -> Group 12: Only Failed | With variation (with var CV > 0) | AA4: 0 | AB4: 0 | AC4: =IFERROR(AB4/AA4*100,"N/A") -> N/A | AD4: 2.197098 | AE4: 0.077396 | AF4: =IFERROR(AE4/AD4*100,"N/A") -> 3.5226467 | AG4: =IF(AND(Q4>0, R4=0), IF(IFERROR(ROUND(AC4,8),0)=0, "Group 9: Only Passed | Without variation (no var CV = 0)", "Group 10: Only Passed | With variation (with var CV > 0)"), IF(AND(Q4=0, R4>0), IF(IFERROR(ROUND(AF4,8),0)=0, "Group 11: Only Failed | Without variation (no var CV = 0)", "Group 12: Only Failed | With variation (with var CV > 0)"), IF(AND(Q4>0, R4>0), IF(ROUND(AA4,5)<>ROUND(AD4,5), IF(AND(IFERROR(ROUND(AC4,8),0)=0, IFERROR(ROUND(AF4,8),0)=0), "Group 1: Flaky | Passed (no variation: CV = 0) AND Failed (no variation: CV = 0) | Different Means", IF(AND(IFERROR(ROUND(AC4,8),0)>0, IFERROR(ROUND(AF4,8),0)>0), "Group 2: Flaky | Passed (with variation: CV > 0) AND Failed (with variation: CV > 0) | Different Means", IF(AND(IFERROR(ROUND(AC4,8),0)=0, IFERROR(ROUND(AF4,8),0)>0), "Group 3: Flaky | Passed (no variation: CV = 0) AND Failed (with variation: CV > 0) | Different Means", "Group 4: Flaky | Passed (with variation: CV > 0) AND Failed (no variation: CV = 0) | Different Means"))), IF(AND(IFERROR(ROUND(AC4,8),0)=0, IFERROR(ROUND(AF4,8),0)=0), "Group 5: Flaky | Passed (no var CV = 0) AND Failed (no var CV = 0) | Equal Means", IF(AND(IFERROR(ROUND(AC4,8),0)>0, IFERROR(ROUND(AF4,8),0)>0), "Group 6: Flaky | Passed (with var CV > 0) AND Failed (with var CV > 0) | Equal Means", IF(AND(IFERROR(ROUND(AC4,8),0)=0, IFERROR(ROUND(AF4,8),0)>0), "Group 7: Flaky | Passed (no var CV = 0) AND Failed (with var CV > 0) | Equal Means", "Group 8: Flaky | Passed (with var CV > 0) AND Failed (no var CV = 0) | Equal Means")))), "Invalid"))) -> Group 12: Only Failed | With variation (with var CV > 0) | AH4: 0 | AI4: 100 | AJ4: =IF(AND(AH4>0, AI4>0), "Observed Flaky Test", "Non-observed Flaky Test") -> Non-observed Flaky Test | AK4: 0 | AL4: 0 | AM4: =IFERROR(AL4/AK4*100,"N/A") -> N/A | AN4: 1781453.4 | AO4: 43.517644 | AP4: =IFERROR(AO4/AN4*100,"N/A") -> 0.0024428169 | AQ4: =IF(AND(AH4>0, AI4>0), IF(ROUND(N(AK4),5)<>ROUND(N(AN4),5), IF(AND(ROUND(N(AL4),8)=0, ROUND(N(AO4),8)=0), "Group 1: Flaky | Passed (no variation: SD = 0) AND Failed (no variation: SD = 0) | Different Means", IF(AND(ROUND(N(AL4),8)>0, ROUND(N(AO4),8)>0), "Group 2: Flaky | Passed (with variation: SD > 0) AND Failed (with variation: SD > 0) | Different Means", IF(AND(ROUND(N(AL4),8)=0, ROUND(N(AO4),8)>0), "Group 3: Flaky | Passed (no variation: SD = 0) AND Failed (with variation: SD > 0) | Different Means", "Group 4: Flaky | Passed (with variation: SD > 0) AND Failed (no variation: SD = 0) | Different Means"))), IF(AND(ROUND(N(AL4),8)=0, ROUND(N(AO4),8)=0), "Group 5: Flaky | Passed (no var SD = 0) AND Failed (no var SD = 0) | Equal Means", IF(AND(ROUND(N(AL4),8)>0, ROUND(N(AO4),8)>0), "Group 6: Flaky | Passed (with var SD > 0 ) AND Failed (with var SD > 0) | Equal Means", IF(AND(ROUND(N(AL4),8)=0, ROUND(N(AO4),8)>0), "Group 7: Flaky | Passed (no var SD = 0) AND Failed (with var SD > 0) | Equal Means", "Group 8: Flaky | Passed (with var SD > 0 ) AND Failed (no var SD = 0) | Equal Means"))) ), IF(AH4>0, IF(N(AL4)>0, "Group 10: Only Passed | With variation (with var SD > 0)", "Group 9: Only Passed | Without variation (no var SD = 0)"), IF(AI4>0, IF(N(AO4)>0, "Group 12: Only Failed | With variation (with var SD > 0)", "Group 11: Only Failed | Without variation (no var SD = 0)"), "Invalid: No Executions (Y=0, Z=0)" ) ) ) -> Group 12: Only Failed | With variation (with var SD > 0) | AR4: =IF(OR(F4="Observed Flaky Test", I4="Observed Flaky Test", S4="Observed Flaky Test", AJ4="Observed Flaky Test"), "Observed Flaky Test", "Non-observed Flaky Test") -> Non-observed Flaky Test
B5: test_python_sensor.py::PythonSensorTests::test_python_callable_arguments_are_templatized | C5: e48d4714cab9c53c8d93072b739458862b362deb18906f35f86ba87910b4c82b | D5: 100 | E5: 0 | F5: =IF(AND(D5>0, E5>0), "Observed Flaky Test", "Non-observed Flaky Test") -> Non-observed Flaky Test | G5: 0 | H5: 100 | I5: =IF(AND(G5>0, H5>0), "Observed Flaky Test", "Non-observed Flaky Test") -> Non-observed Flaky Test | J5: 0 | K5: 0 | L5: =IFERROR(K5/J5*100,"N/A") -> N/A | M5: 4.92 | N5: 0 | O5: =IFERROR(N5/M5*100,"N/A") -> 0 | P5: =IF(AND(G5>0, H5=0), IF(ROUND(K5,8)=0, "Group 9: Only Passed | Without variation (SD Passed = 0)", "Group 10: Only Passed | With variation (SD Passed > 0)"), IF(AND(G5=0, H5>0), IF(ROUND(N5,8)=0, "Group 11: Only Failed | Without variation (SD Failed = 0)", "Group 12: Only Failed | With variation (SD Failed > 0)"), IF(AND(G5>0, H5>0), IF(ROUND(J5,5)<>ROUND(M5,5), IF(AND(ROUND(K5,8)=0, ROUND(N5,8)=0), "Group 1: Flaky | Passed (no variation) AND Failed (no variation) | Different Means", IF(AND(ROUND(K5,8)>0, ROUND(N5,8)>0), "Group 2: Flaky | Passed (with variation) AND Failed (with variation) | Different Means", IF(AND(ROUND(K5,8)=0, ROUND(N5,8)>0), "Group 3: Flaky | Passed (no variation) AND Failed (with variation) | Different Means", "Group 4: Flaky | Passed (with variation) AND Failed (no variation) | Different Means"))), IF(AND(ROUND(K5,8)=0, ROUND(N5,8)=0), "Group 5: Flaky | Passed (no variation) AND Failed (no variation) | Equal Means", IF(AND(ROUND(K5,8)>0, ROUND(N5,8)>0), "Group 6: Flaky | Passed (with variation) AND Failed (with variation) | Equal Means", IF(AND(ROUND(K5,8)=0, ROUND(N5,8)>0), "Group 7: Flaky | Passed (no variation) AND Failed (with variation) | Equal Means", "Group 8: Flaky | Passed (with variation) AND Failed (no variation) | Equal Means")))), "Invalid"))) -> Group 11: Only Failed | Without variation (SD Failed = 0) | Q5: 0 | R5: 100 | S5: =IF(AND(Q5>0, R5>0), "Observed Flaky Test", "Non-observed Flaky Test") -> Non-observed Flaky Test | T5: 0 | U5: 0 | V5: =IFERROR(U5/T5*100,"N/A") -> N/A | W5: 2277580.1 | X5: 216703.62 | Y5: =IFERROR(X5/W5*100,"N/A") -> 9.5146433 | Z5: =IF(AND(Q5>0, R5=0), IF(IFERROR(ROUND(V5,8),0)=0, "Group 9: Only Passed | Without variation (no var CV = 0)", "Group 10: Only Passed | With variation (with var CV > 0)"), IF(AND(Q5=0, R5>0), IF(IFERROR(ROUND(Y5,8),0)=0, "Group 11: Only Failed | Without variation (no var CV = 0)", "Group 12: Only Failed | With variation (with var CV > 0)"), IF(AND(Q5>0, R5>0), IF(ROUND(T5,5)<>ROUND(W5,5), IF(AND(IFERROR(ROUND(V5,8),0)=0, IFERROR(ROUND(Y5,8),0)=0), "Group 1: Flaky | Passed (no variation: CV = 0) AND Failed (no variation: CV = 0) | Different Means", IF(AND(IFERROR(ROUND(V5,8),0)>0, IFERROR(ROUND(Y5,8),0)>0), "Group 2: Flaky | Passed (with variation: CV > 0) AND Failed (with variation: CV > 0) | Different Means", IF(AND(IFERROR(ROUND(V5,8),0)=0, IFERROR(ROUND(Y5,8),0)>0), "Group 3: Flaky | Passed (no variation: CV = 0) AND Failed (with variation: CV > 0) | Different Means", "Group 4: Flaky | Passed (with variation: CV > 0) AND Failed (no variation: CV = 0) | Different Means"))), IF(AND(IFERROR(ROUND(V5,8),0)=0, IFERROR(ROUND(Y5,8),0)=0), "Group 5: Flaky | Passed (no var CV = 0) AND Failed (no var CV = 0) | Equal Means", IF(AND(IFERROR(ROUND(V5,8),0)>0, IFERROR(ROUND(Y5,8),0)>0), "Group 6: Flaky | Passed (with var CV > 0) AND Failed (with var CV > 0) | Equal Means", IF(AND(IFERROR(ROUND(V5,8),0)=0, IFERROR(ROUND(Y5,8),0)>0), "Group 7: Flaky | Passed (no var CV = 0) AND Failed (with var CV > 0) | Equal Means", "Group 8: Flaky | Passed (with var CV > 0) AND Failed (no var CV = 0) | Equal Means")))), "Invalid"))) -> Group 12: Only Failed | With variation (with var CV > 0) | AA5: 0 | AB5: 0 | AC5: =IFERROR(AB5/AA5*100,"N/A") -> N/A | AD5: 1.435702 | AE5: 0.120186 | AF5: =IFERROR(AE5/AD5*100,"N/A") -> 8.3712358 | AG5: =IF(AND(Q5>0, R5=0), IF(IFERROR(ROUND(AC5,8),0)=0, "Group 9: Only Passed | Without variation (no var CV = 0)", "Group 10: Only Passed | With variation (with var CV > 0)"), IF(AND(Q5=0, R5>0), IF(IFERROR(ROUND(AF5,8),0)=0, "Group 11: Only Failed | Without variation (no var CV = 0)", "Group 12: Only Failed | With variation (with var CV > 0)"), IF(AND(Q5>0, R5>0), IF(ROUND(AA5,5)<>ROUND(AD5,5), IF(AND(IFERROR(ROUND(AC5,8),0)=0, IFERROR(ROUND(AF5,8),0)=0), "Group 1: Flaky | Passed (no variation: CV = 0) AND Failed (no variation: CV = 0) | Different Means", IF(AND(IFERROR(ROUND(AC5,8),0)>0, IFERROR(ROUND(AF5,8),0)>0), "Group 2: Flaky | Passed (with variation: CV > 0) AND Failed (with variation: CV > 0) | Different Means", IF(AND(IFERROR(ROUND(AC5,8),0)=0, IFERROR(ROUND(AF5,8),0)>0), "Group 3: Flaky | Passed (no variation: CV = 0) AND Failed (with variation: CV > 0) | Different Means", "Group 4: Flaky | Passed (with variation: CV > 0) AND Failed (no variation: CV = 0) | Different Means"))), IF(AND(IFERROR(ROUND(AC5,8),0)=0, IFERROR(ROUND(AF5,8),0)=0), "Group 5: Flaky | Passed (no var CV = 0) AND Failed (no var CV = 0) | Equal Means", IF(AND(IFERROR(ROUND(AC5,8),0)>0, IFERROR(ROUND(AF5,8),0)>0), "Group 6: Flaky | Passed (with var CV > 0) AND Failed (with var CV > 0) | Equal Means", IF(AND(IFERROR(ROUND(AC5,8),0)=0, IFERROR(ROUND(AF5,8),0)>0), "Group 7: Flaky | Passed (no var CV = 0) AND Failed (with var CV > 0) | Equal Means", "Group 8: Flaky | Passed (with var CV > 0) AND Failed (no var CV = 0) | Equal Means")))), "Invalid"))) -> Group 12: Only Failed | With variation (with var CV > 0) | AH5: 1 | AI5: 99 | AJ5: =IF(AND(AH5>0, AI5>0), "Observed Flaky Test", "Non-observed Flaky Test") -> Observed Flaky Test | AK5: 96333 | AL5: 0 | AM5: =IFERROR(AL5/AK5*100,"N/A") -> 0 | AN5: 63403.848 | AO5: 20.314046 | AP5: =IFERROR(AO5/AN5*100,"N/A") -> 0.032039138 | AQ5: =IF(AND(AH5>0, AI5>0), IF(ROUND(N(AK5),5)<>ROUND(N(AN5),5), IF(AND(ROUND(N(AL5),8)=0, ROUND(N(AO5),8)=0), "Group 1: Flaky | Passed (no variation: SD = 0) AND Failed (no variation: SD = 0) | Different Means", IF(AND(ROUND(N(AL5),8)>0, ROUND(N(AO5),8)>0), "Group 2: Flaky | Passed (with variation: SD > 0) AND Failed (with variation: SD > 0) | Different Means", IF(AND(ROUND(N(AL5),8)=0, ROUND(N(AO5),8)>0), "Group 3: Flaky | Passed (no variation: SD = 0) AND Failed (with variation: SD > 0) | Different Means", "Group 4: Flaky | Passed (with variation: SD > 0) AND Failed (no variation: SD = 0) | Different Means"))), IF(AND(ROUND(N(AL5),8)=0, ROUND(N(AO5),8)=0), "Group 5: Flaky | Passed (no var SD = 0) AND Failed (no var SD = 0) | Equal Means", IF(AND(ROUND(N(AL5),8)>0, ROUND(N(AO5),8)>0), "Group 6: Flaky | Passed (with var SD > 0 ) AND Failed (with var SD > 0) | Equal Means", IF(AND(ROUND(N(AL5),8)=0, ROUND(N(AO5),8)>0), "Group 7: Flaky | Passed (no var SD = 0) AND Failed (with var SD > 0) | Equal Means", "Group 8: Flaky | Passed (with var SD > 0 ) AND Failed (no var SD = 0) | Equal Means"))) ), IF(AH5>0, IF(N(AL5)>0, "Group 10: Only Passed | With variation (with var SD > 0)", "Group 9: Only Passed | Without variation (no var SD = 0)"), IF(AI5>0, IF(N(AO5)>0, "Group 12: Only Failed | With variation (with var SD > 0)", "Group 11: Only Failed | Without variation (no var SD = 0)"), "Invalid: No Executions (Y=0, Z=0)" ) ) ) -> Group 3: Flaky | Passed (no variation: SD = 0) AND Failed (with variation: SD > 0) | Different Means | AR5: =IF(OR(F5="Observed Flaky Test", I5="Observed Flaky Test", S5="Observed Flaky Test", AJ5="Observed Flaky Test"), "Observed Flaky Test", "Non-observed Flaky Test") -> Observed Flaky Test
B6: test_python_sensor.py::PythonSensorTests::test_python_callable_keyword_arguments_are_templatized | C6: b0bd0cae2d72647c8ddc8e244d41680ae0aa27c8e3be56db73777ad39e728bd5 | D6: 100 | E6: 0 | F6: =IF(AND(D6>0, E6>0), "Observed Flaky Test", "Non-observed Flaky Test") -> Non-observed Flaky Test | G6: 0 | H6: 100 | I6: =IF(AND(G6>0, H6>0), "Observed Flaky Test", "Non-observed Flaky Test") -> Non-observed Flaky Test | J6: 0 | K6: 0 | L6: =IFERROR(K6/J6*100,"N/A") -> N/A | M6: 4.92 | N6: 0 | O6: =IFERROR(N6/M6*100,"N/A") -> 0 | P6: =IF(AND(G6>0, H6=0), IF(ROUND(K6,8)=0, "Group 9: Only Passed | Without variation (SD Passed = 0)", "Group 10: Only Passed | With variation (SD Passed > 0)"), IF(AND(G6=0, H6>0), IF(ROUND(N6,8)=0, "Group 11: Only Failed | Without variation (SD Failed = 0)", "Group 12: Only Failed | With variation (SD Failed > 0)"), IF(AND(G6>0, H6>0), IF(ROUND(J6,5)<>ROUND(M6,5), IF(AND(ROUND(K6,8)=0, ROUND(N6,8)=0), "Group 1: Flaky | Passed (no variation) AND Failed (no variation) | Different Means", IF(AND(ROUND(K6,8)>0, ROUND(N6,8)>0), "Group 2: Flaky | Passed (with variation) AND Failed (with variation) | Different Means", IF(AND(ROUND(K6,8)=0, ROUND(N6,8)>0), "Group 3: Flaky | Passed (no variation) AND Failed (with variation) | Different Means", "Group 4: Flaky | Passed (with variation) AND Failed (no variation) | Different Means"))), IF(AND(ROUND(K6,8)=0, ROUND(N6,8)=0), "Group 5: Flaky | Passed (no variation) AND Failed (no variation) | Equal Means", IF(AND(ROUND(K6,8)>0, ROUND(N6,8)>0), "Group 6: Flaky | Passed (with variation) AND Failed (with variation) | Equal Means", IF(AND(ROUND(K6,8)=0, ROUND(N6,8)>0), "Group 7: Flaky | Passed (no variation) AND Failed (with variation) | Equal Means", "Group 8: Flaky | Passed (with variation) AND Failed (no variation) | Equal Means")))), "Invalid"))) -> Group 11: Only Failed | Without variation (SD Failed = 0) | Q6: 1 | R6: 99 | S6: =IF(AND(Q6>0, R6>0), "Observed Flaky Test", "Non-observed Flaky Test") -> Observed Flaky Test | T6: 1917838 | U6: 0 | V6: =IFERROR(U6/T6*100,"N/A") -> 0 | W6: 2255494.3 | X6: 15.147805 | Y6: =IFERROR(X6/W6*100,"N/A") -> 0.00067159581 | Z6: =IF(AND(Q6>0, R6=0), IF(IFERROR(ROUND(V6,8),0)=0, "Group 9: Only Passed | Without variation (no var CV = 0)", "Group 10: Only Passed | With variation (with var CV > 0)"), IF(AND(Q6=0, R6>0), IF(IFERROR(ROUND(Y6,8),0)=0, "Group 11: Only Failed | Without variation (no var CV = 0)", "Group 12: Only Failed | With variation (with var CV > 0)"), IF(AND(Q6>0, R6>0), IF(ROUND(T6,5)<>ROUND(W6,5), IF(AND(IFERROR(ROUND(V6,8),0)=0, IFERROR(ROUND(Y6,8),0)=0), "Group 1: Flaky | Passed (no variation: CV = 0) AND Failed (no variation: CV = 0) | Different Means", IF(AND(IFERROR(ROUND(V6,8),0)>0, IFERROR(ROUND(Y6,8),0)>0), "Group 2: Flaky | Passed (with variation: CV > 0) AND Failed (with variation: CV > 0) | Different Means", IF(AND(IFERROR(ROUND(V6,8),0)=0, IFERROR(ROUND(Y6,8),0)>0), "Group 3: Flaky | Passed (no variation: CV = 0) AND Failed (with variation: CV > 0) | Different Means", "Group 4: Flaky | Passed (with variation: CV > 0) AND Failed (no variation: CV = 0) | Different Means"))), IF(AND(IFERROR(ROUND(V6,8),0)=0, IFERROR(ROUND(Y6,8),0)=0), "Group 5: Flaky | Passed (no var CV = 0) AND Failed (no var CV = 0) | Equal Means", IF(AND(IFERROR(ROUND(V6,8),0)>0, IFERROR(ROUND(Y6,8),0)>0), "Group 6: Flaky | Passed (with var CV > 0) AND Failed (with var CV > 0) | Equal Means", IF(AND(IFERROR(ROUND(V6,8),0)=0, IFERROR(ROUND(Y6,8),0)>0), "Group 7: Flaky | Passed (no var CV = 0) AND Failed (with var CV > 0) | Equal Means", "Group 8: Flaky | Passed (with var CV > 0) AND Failed (no var CV = 0) | Equal Means")))), "Invalid"))) -> Group 3: Flaky | Passed (no variation: CV = 0) AND Failed (with variation: CV > 0) | Different Means | AA6: 1.859104 | AB6: 0 | AC6: =IFERROR(AB6/AA6*100,"N/A") -> 0 | AD6: 1.377134 | AE6: 0.051632 | AF6: =IFERROR(AE6/AD6*100,"N/A") -> 3.7492357 | AG6: =IF(AND(Q6>0, R6=0), IF(IFERROR(ROUND(AC6,8),0)=0, "Group 9: Only Passed | Without variation (no var CV = 0)", "Group 10: Only Passed | With variation (with var CV > 0)"), IF(AND(Q6=0, R6>0), IF(IFERROR(ROUND(AF6,8),0)=0, "Group 11: Only Failed | Without variation (no var CV = 0)", "Group 12: Only Failed | With variation (with var CV > 0)"), IF(AND(Q6>0, R6>0), IF(ROUND(AA6,5)<>ROUND(AD6,5), IF(AND(IFERROR(ROUND(AC6,8),0)=0, IFERROR(ROUND(AF6,8),0)=0), "Group 1: Flaky | Passed (no variation: CV = 0) AND Failed (no variation: CV = 0) | Different Means", IF(AND(IFERROR(ROUND(AC6,8),0)>0, IFERROR(ROUND(AF6,8),0)>0), "Group 2: Flaky | Passed (with variation: CV > 0) AND Failed (with variation: CV > 0) | Different Means", IF(AND(IFERROR(ROUND(AC6,8),0)=0, IFERROR(ROUND(AF6,8),0)>0), "Group 3: Flaky | Passed (no variation: CV = 0) AND Failed (with variation: CV > 0) | Different Means", "Group 4: Flaky | Passed (with variation: CV > 0) AND Failed (no variation: CV = 0) | Different Means"))), IF(AND(IFERROR(ROUND(AC6,8),0)=0, IFERROR(ROUND(AF6,8),0)=0), "Group 5: Flaky | Passed (no var CV = 0) AND Failed (no var CV = 0) | Equal Means", IF(AND(IFERROR(ROUND(AC6,8),0)>0, IFERROR(ROUND(AF6,8),0)>0), "Group 6: Flaky | Passed (with var CV > 0) AND Failed (with var CV > 0) | Equal Means", IF(AND(IFERROR(ROUND(AC6,8),0)=0, IFERROR(ROUND(AF6,8),0)>0), "Group 7: Flaky | Passed (no var CV = 0) AND Failed (with var CV > 0) | Equal Means", "Group 8: Flaky | Passed (with var CV > 0) AND Failed (no var CV = 0) | Equal Means")))), "Invalid"))) -> Group 3: Flaky | Passed (no variation: CV = 0) AND Failed (with variation: CV > 0) | Different Means | AH6: 1 | AI6: 99 | AJ6: =IF(AND(AH6>0, AI6>0), "Observed Flaky Test", "Non-observed Flaky Test") -> Observed Flaky Test | AK6: 93304 | AL6: 0 | AM6: =IFERROR(AL6/AK6*100,"N/A") -> 0 | AN6: 63403.828 | AO6: 22.937377 | AP6: =IFERROR(AO6/AN6*100,"N/A") -> 0.036176644 | AQ6: =IF(AND(AH6>0, AI6>0), IF(ROUND(N(AK6),5)<>ROUND(N(AN6),5), IF(AND(ROUND(N(AL6),8)=0, ROUND(N(AO6),8)=0), "Group 1: Flaky | Passed (no variation: SD = 0) AND Failed (no variation: SD = 0) | Different Means", IF(AND(ROUND(N(AL6),8)>0, ROUND(N(AO6),8)>0), "Group 2: Flaky | Passed (with variation: SD > 0) AND Failed (with variation: SD > 0) | Different Means", IF(AND(ROUND(N(AL6),8)=0, ROUND(N(AO6),8)>0), "Group 3: Flaky | Passed (no variation: SD = 0) AND Failed (with variation: SD > 0) | Different Means", "Group 4: Flaky | Passed (with variation: SD > 0) AND Failed (no variation: SD = 0) | Different Means"))), IF(AND(ROUND(N(AL6),8)=0, ROUND(N(AO6),8)=0), "Group 5: Flaky | Passed (no var SD = 0) AND Failed (no var SD = 0) | Equal Means", IF(AND(ROUND(N(AL6),8)>0, ROUND(N(AO6),8)>0), "Group 6: Flaky | Passed (with var SD > 0 ) AND Failed (with var SD > 0) | Equal Means", IF(AND(ROUND(N(AL6),8)=0, ROUND(N(AO6),8)>0), "Group 7: Flaky | Passed (no var SD = 0) AND Failed (with var SD > 0) | Equal Means", "Group 8: Flaky | Passed (with var SD > 0 ) AND Failed (no var SD = 0) | Equal Means"))) ), IF(AH6>0, IF(N(AL6)>0, "Group 10: Only Passed | With variation (with var SD > 0)", "Group 9: Only Passed | Without variation (no var SD = 0)"), IF(AI6>0, IF(N(AO6)>0, "Group 12: Only Failed | With variation (with var SD > 0)", "Group 11: Only Failed | Without variation (no var SD = 0)"), "Invalid: No Executions (Y=0, Z=0)" ) ) ) -> Group 3: Flaky | Passed (no variation: SD = 0) AND Failed (with variation: SD > 0) | Different Means | AR6: =IF(OR(F6="Observed Flaky Test", I6="Observed Flaky Test", S6="Observed Flaky Test", AJ6="Observed Flaky Test"), "Observed Flaky Test", "Non-observed Flaky Test") -> Observed Flaky Test
B7: test_core.py::CliTests::test_cli_connections_add_delete | C7: 3f82253b0e70dccbf314ef4dab9556ad88dd925374f24af4bf450b02a1221d9e | D7: 100 | E7: 0 | F7: =IF(AND(D7>0, E7>0), "Observed Flaky Test", "Non-observed Flaky Test") -> Non-observed Flaky Test | G7: 100 | H7: 0 | I7: =IF(AND(G7>0, H7>0), "Observed Flaky Test", "Non-observed Flaky Test") -> Non-observed Flaky Test | J7: 8.7804 | K7: 0.00196 | L7: =IFERROR(K7/J7*100,"N/A") -> 0.022322445 | M7: 0 | N7: 0 | O7: =IFERROR(N7/M7*100,"N/A") -> N/A | P7: =IF(AND(G7>0, H7=0), IF(ROUND(K7,8)=0, "Group 9: Only Passed | Without variation (SD Passed = 0)", "Group 10: Only Passed | With variation (SD Passed > 0)"), IF(AND(G7=0, H7>0), IF(ROUND(N7,8)=0, "Group 11: Only Failed | Without variation (SD Failed = 0)", "Group 12: Only Failed | With variation (SD Failed > 0)"), IF(AND(G7>0, H7>0), IF(ROUND(J7,5)<>ROUND(M7,5), IF(AND(ROUND(K7,8)=0, ROUND(N7,8)=0), "Group 1: Flaky | Passed (no variation) AND Failed (no variation) | Different Means", IF(AND(ROUND(K7,8)>0, ROUND(N7,8)>0), "Group 2: Flaky | Passed (with variation) AND Failed (with variation) | Different Means", IF(AND(ROUND(K7,8)=0, ROUND(N7,8)>0), "Group 3: Flaky | Passed (no variation) AND Failed (with variation) | Different Means", "Group 4: Flaky | Passed (with variation) AND Failed (no variation) | Different Means"))), IF(AND(ROUND(K7,8)=0, ROUND(N7,8)=0), "Group 5: Flaky | Passed (no variation) AND Failed (no variation) | Equal Means", IF(AND(ROUND(K7,8)>0, ROUND(N7,8)>0), "Group 6: Flaky | Passed (with variation) AND Failed (with variation) | Equal Means", IF(AND(ROUND(K7,8)=0, ROUND(N7,8)>0), "Group 7: Flaky | Passed (no variation) AND Failed (with variation) | Equal Means", "Group 8: Flaky | Passed (with variation) AND Failed (no variation) | Equal Means")))), "Invalid"))) -> Group 10: Only Passed | With variation (SD Passed > 0) | Q7: 100 | R7: 0 | S7: =IF(AND(Q7>0, R7>0), "Observed Flaky Test", "Non-observed Flaky Test") -> Non-observed Flaky Test | T7: 4320204 | U7: 283.89484 | V7: =IFERROR(U7/T7*100,"N/A") -> 0.0065713296 | W7: 0 | X7: 0 | Y7: =IFERROR(X7/W7*100,"N/A") -> N/A | Z7: =IF(AND(Q7>0, R7=0), IF(IFERROR(ROUND(V7,8),0)=0, "Group 9: Only Passed | Without variation (no var CV = 0)", "Group 10: Only Passed | With variation (with var CV > 0)"), IF(AND(Q7=0, R7>0), IF(IFERROR(ROUND(Y7,8),0)=0, "Group 11: Only Failed | Without variation (no var CV = 0)", "Group 12: Only Failed | With variation (with var CV > 0)"), IF(AND(Q7>0, R7>0), IF(ROUND(T7,5)<>ROUND(W7,5), IF(AND(IFERROR(ROUND(V7,8),0)=0, IFERROR(ROUND(Y7,8),0)=0), "Group 1: Flaky | Passed (no variation: CV = 0) AND Failed (no variation: CV = 0) | Different Means", IF(AND(IFERROR(ROUND(V7,8),0)>0, IFERROR(ROUND(Y7,8),0)>0), "Group 2: Flaky | Passed (with variation: CV > 0) AND Failed (with variation: CV > 0) | Different Means", IF(AND(IFERROR(ROUND(V7,8),0)=0, IFERROR(ROUND(Y7,8),0)>0), "Group 3: Flaky | Passed (no variation: CV = 0) AND Failed (with variation: CV > 0) | Different Means", "Group 4: Flaky | Passed (with variation: CV > 0) AND Failed (no variation: CV = 0) | Different Means"))), IF(AND(IFERROR(ROUND(V7,8),0)=0, IFERROR(ROUND(Y7,8),0)=0), "Group 5: Flaky | Passed (no var CV = 0) AND Failed (no var CV = 0) | Equal Means", IF(AND(IFERROR(ROUND(V7,8),0)>0, IFERROR(ROUND(Y7,8),0)>0), "Group 6: Flaky | Passed (with var CV > 0) AND Failed (with var CV > 0) | Equal Means", IF(AND(IFERROR(ROUND(V7,8),0)=0, IFERROR(ROUND(Y7,8),0)>0), "Group 7: Flaky | Passed (no var CV = 0) AND Failed (with var CV > 0) | Equal Means", "Group 8: Flaky | Passed (with var CV > 0) AND Failed (no var CV = 0) | Equal Means")))), "Invalid"))) -> Group 10: Only Passed | With variation (with var CV > 0) | AA7: 2.568642 | AB7: 0.081876 | AC7: =IFERROR(AB7/AA7*100,"N/A") -> 3.1875209 | AD7: 0 | AE7: 0 | AF7: =IFERROR(AE7/AD7*100,"N/A") -> N/A | AG7: =IF(AND(Q7>0, R7=0), IF(IFERROR(ROUND(AC7,8),0)=0, "Group 9: Only Passed | Without variation (no var CV = 0)", "Group 10: Only Passed | With variation (with var CV > 0)"), IF(AND(Q7=0, R7>0), IF(IFERROR(ROUND(AF7,8),0)=0, "Group 11: Only Failed | Without variation (no var CV = 0)", "Group 12: Only Failed | With variation (with var CV > 0)"), IF(AND(Q7>0, R7>0), IF(ROUND(AA7,5)<>ROUND(AD7,5), IF(AND(IFERROR(ROUND(AC7,8),0)=0, IFERROR(ROUND(AF7,8),0)=0), "Group 1: Flaky | Passed (no variation: CV = 0) AND Failed (no variation: CV = 0) | Different Means", IF(AND(IFERROR(ROUND(AC7,8),0)>0, IFERROR(ROUND(AF7,8),0)>0), "Group 2: Flaky | Passed (with variation: CV > 0) AND Failed (with variation: CV > 0) | Different Means", IF(AND(IFERROR(ROUND(AC7,8),0)=0, IFERROR(ROUND(AF7,8),0)>0), "Group 3: Flaky | Passed (no variation: CV = 0) AND Failed (with variation: CV > 0) | Different Means", "Group 4: Flaky | Passed (with variation: CV > 0) AND Failed (no variation: CV = 0) | Different Means"))), IF(AND(IFERROR(ROUND(AC7,8),0)=0, IFERROR(ROUND(AF7,8),0)=0), "Group 5: Flaky | Passed (no var CV = 0) AND Failed (no var CV = 0) | Equal Means", IF(AND(IFERROR(ROUND(AC7,8),0)>0, IFERROR(ROUND(AF7,8),0)>0), "Group 6: Flaky | Passed (with var CV > 0) AND Failed (with var CV > 0) | Equal Means", IF(AND(IFERROR(ROUND(AC7,8),0)=0, IFERROR(ROUND(AF7,8),0)>0), "Group 7: Flaky | Passed (no var CV = 0) AND Failed (with var CV > 0) | Equal Means", "Group 8: Flaky | Passed (with var CV > 0) AND Failed (no var CV = 0) | Equal Means")))), "Invalid"))) -> Group 10: Only Passed | With variation (with var CV > 0) | AH7: 100 | AI7: 0 | AJ7: =IF(AND(AH7>0, AI7>0), "Observed Flaky Test", "Non-observed Flaky Test") -> Non-observed Flaky Test | AK7: 2865901.5 | AL7: 81.546474 | AM7: =IFERROR(AL7/AK7*100,"N/A") -> 0.0028454039 | AN7: 0 | AO7: 0 | AP7: =IFERROR(AO7/AN7*100,"N/A") -> N/A | AQ7: =IF(AND(AH7>0, AI7>0), IF(ROUND(N(AK7),5)<>ROUND(N(AN7),5), IF(AND(ROUND(N(AL7),8)=0, ROUND(N(AO7),8)=0), "Group 1: Flaky | Passed (no variation: SD = 0) AND Failed (no variation: SD = 0) | Different Means", IF(AND(ROUND(N(AL7),8)>0, ROUND(N(AO7),8)>0), "Group 2: Flaky | Passed (with variation: SD > 0) AND Failed (with variation: SD > 0) | Different Means", IF(AND(ROUND(N(AL7),8)=0, ROUND(N(AO7),8)>0), "Group 3: Flaky | Passed (no variation: SD = 0) AND Failed (with variation: SD > 0) | Different Means", "Group 4: Flaky | Passed (with variation: SD > 0) AND Failed (no variation: SD = 0) | Different Means"))), IF(AND(ROUND(N(AL7),8)=0, ROUND(N(AO7),8)=0), "Group 5: Flaky | Passed (no var SD = 0) AND Failed (no var SD = 0) | Equal Means", IF(AND(ROUND(N(AL7),8)>0, ROUND(N(AO7),8)>0), "Group 6: Flaky | Passed (with var SD > 0 ) AND Failed (with var SD > 0) | Equal Means", IF(AND(ROUND(N(AL7),8)=0, ROUND(N(AO7),8)>0), "Group 7: Flaky | Passed (no var SD = 0) AND Failed (with var SD > 0) | Equal Means", "Group 8: Flaky | Passed (with var SD > 0 ) AND Failed (no var SD = 0) | Equal Means"))) ), IF(AH7>0, IF(N(AL7)>0, "Group 10: Only Passed | With variation (with var SD > 0)", "Group 9: Only Passed | Without variation (no var SD = 0)"), IF(AI7>0, IF(N(AO7)>0, "Group 12: Only Failed | With variation (with var SD > 0)", "Group 11: Only Failed | Without variation (no var SD = 0)"), "Invalid: No Executions (Y=0, Z=0)" ) ) ) -> Group 10: Only Passed | With variation (with var SD > 0) | AR7: =IF(OR(F7="Observed Flaky Test", I7="Observed Flaky Test", S7="Observed Flaky Test", AJ7="Observed Flaky Test"), "Observed Flaky Test", "Non-observed Flaky Test") -> Non-observed Flaky Test
B8: test_core.py::CliTests::test_cli_connections_list_redirect | C8: 2afaa97935135aa44fc2c22efa62c55793ef453d50fbdaabb952e9cc4be5d896 | D8: 0 | E8: 100 | F8: =IF(AND(D8>0, E8>0), "Observed Flaky Test", "Non-observed Flaky Test") -> Non-observed Flaky Test | G8: 0 | H8: 100 | I8: =IF(AND(G8>0, H8>0), "Observed Flaky Test", "Non-observed Flaky Test") -> Non-observed Flaky Test | J8: 0 | K8: 0 | L8: =IFERROR(K8/J8*100,"N/A") -> N/A | M8: 8.5109 | N8: 0.002862 | O8: =IFERROR(N8/M8*100,"N/A") -> 0.033627466 | P8: =IF(AND(G8>0, H8=0), IF(ROUND(K8,8)=0, "Group 9: Only Passed | Without variation (SD Passed = 0)", "Group 10: Only Passed | With variation (SD Passed > 0)"), IF(AND(G8=0, H8>0), IF(ROUND(N8,8)=0, "Group 11: Only Failed | Without variation (SD Failed = 0)", "Group 12: Only Failed | With variation (SD Failed > 0)"), IF(AND(G8>0, H8>0), IF(ROUND(J8,5)<>ROUND(M8,5), IF(AND(ROUND(K8,8)=0, ROUND(N8,8)=0), "Group 1: Flaky | Passed (no variation) AND Failed (no variation) | Different Means", IF(AND(ROUND(K8,8)>0, ROUND(N8,8)>0), "Group 2: Flaky | Passed (with variation) AND Failed (with variation) | Different Means", IF(AND(ROUND(K8,8)=0, ROUND(N8,8)>0), "Group 3: Flaky | Passed (no variation) AND Failed (with variation) | Different Means", "Group 4: Flaky | Passed (with variation) AND Failed (no variation) | Different Means"))), IF(AND(ROUND(K8,8)=0, ROUND(N8,8)=0), "Group 5: Flaky | Passed (no variation) AND Failed (no variation) | Equal Means", IF(AND(ROUND(K8,8)>0, ROUND(N8,8)>0), "Group 6: Flaky | Passed (with variation) AND Failed (with variation) | Equal Means", IF(AND(ROUND(K8,8)=0, ROUND(N8,8)>0), "Group 7: Flaky | Passed (no variation) AND Failed (with variation) | Equal Means", "Group 8: Flaky | Passed (with variation) AND Failed (no variation) | Equal Means")))), "Invalid"))) -> Group 12: Only Failed | With variation (SD Failed > 0) | Q8: 0 | R8: 100 | S8: =IF(AND(Q8>0, R8>0), "Observed Flaky Test", "Non-observed Flaky Test") -> Non-observed Flaky Test | T8: 0 | U8: 0 | V8: =IFERROR(U8/T8*100,"N/A") -> N/A | W8: 4916823 | X8: 148.87219 | Y8: =IFERROR(X8/W8*100,"N/A") -> 0.0030278127 | Z8: =IF(AND(Q8>0, R8=0), IF(IFERROR(ROUND(V8,8),0)=0, "Group 9: Only Passed | Without variation (no var CV = 0)", "Group 10: Only Passed | With variation (with var CV > 0)"), IF(AND(Q8=0, R8>0), IF(IFERROR(ROUND(Y8,8),0)=0, "Group 11: Only Failed | Without variation (no var CV = 0)", "Group 12: Only Failed | With variation (with var CV > 0)"), IF(AND(Q8>0, R8>0), IF(ROUND(T8,5)<>ROUND(W8,5), IF(AND(IFERROR(ROUND(V8,8),0)=0, IFERROR(ROUND(Y8,8),0)=0), "Group 1: Flaky | Passed (no variation: CV = 0) AND Failed (no variation: CV = 0) | Different Means", IF(AND(IFERROR(ROUND(V8,8),0)>0, IFERROR(ROUND(Y8,8),0)>0), "Group 2: Flaky | Passed (with variation: CV > 0) AND Failed (with variation: CV > 0) | Different Means", IF(AND(IFERROR(ROUND(V8,8),0)=0, IFERROR(ROUND(Y8,8),0)>0), "Group 3: Flaky | Passed (no variation: CV = 0) AND Failed (with variation: CV > 0) | Different Means", "Group 4: Flaky | Passed (with variation: CV > 0) AND Failed (no variation: CV = 0) | Different Means"))), IF(AND(IFERROR(ROUND(V8,8),0)=0, IFERROR(ROUND(Y8,8),0)=0), "Group 5: Flaky | Passed (no var CV = 0) AND Failed (no var CV = 0) | Equal Means", IF(AND(IFERROR(ROUND(V8,8),0)>0, IFERROR(ROUND(Y8,8),0)>0), "Group 6: Flaky | Passed (with var CV > 0) AND Failed (with var CV > 0) | Equal Means", IF(AND(IFERROR(ROUND(V8,8),0)=0, IFERROR(ROUND(Y8,8),0)>0), "Group 7: Flaky | Passed (no var CV = 0) AND Failed (with var CV > 0) | Equal Means", "Group 8: Flaky | Passed (with var CV > 0) AND Failed (no var CV = 0) | Equal Means")))), "Invalid"))) -> Group 12: Only Failed | With variation (with var CV > 0) | AA8: 0 | AB8: 0 | AC8: =IFERROR(AB8/AA8*100,"N/A") -> N/A | AD8: 3.228576 | AE8: 0.090421 | AF8: =IFERROR(AE8/AD8*100,"N/A") -> 2.8006465 | AG8: =IF(AND(Q8>0, R8=0), IF(IFERROR(ROUND(AC8,8),0)=0, "Group 9: Only Passed | Without variation (no var CV = 0)", "Group 10: Only Passed | With variation (with var CV > 0)"), IF(AND(Q8=0, R8>0), IF(IFERROR(ROUND(AF8,8),0)=0, "Group 11: Only Failed | Without variation (no var CV = 0)", "Group 12: Only Failed | With variation (with var CV > 0)"), IF(AND(Q8>0, R8>0), IF(ROUND(AA8,5)<>ROUND(AD8,5), IF(AND(IFERROR(ROUND(AC8,8),0)=0, IFERROR(ROUND(AF8,8),0)=0), "Group 1: Flaky | Passed (no variation: CV = 0) AND Failed (no variation: CV = 0) | Different Means", IF(AND(IFERROR(ROUND(AC8,8),0)>0, IFERROR(ROUND(AF8,8),0)>0), "Group 2: Flaky | Passed (with variation: CV > 0) AND Failed (with variation: CV > 0) | Different Means", IF(AND(IFERROR(ROUND(AC8,8),0)=0, IFERROR(ROUND(AF8,8),0)>0), "Group 3: Flaky | Passed (no variation: CV = 0) AND Failed (with variation: CV > 0) | Different Means", "Group 4: Flaky | Passed (with variation: CV > 0) AND Failed (no variation: CV = 0) | Different Means"))), IF(AND(IFERROR(ROUND(AC8,8),0)=0, IFERROR(ROUND(AF8,8),0)=0), "Group 5: Flaky | Passed (no var CV = 0) AND Failed (no var CV = 0) | Equal Means", IF(AND(IFERROR(ROUND(AC8,8),0)>0, IFERROR(ROUND(AF8,8),0)>0), "Group 6: Flaky | Passed (with var CV > 0) AND Failed (with var CV > 0) | Equal Means", IF(AND(IFERROR(ROUND(AC8,8),0)=0, IFERROR(ROUND(AF8,8),0)>0), "Group 7: Flaky | Passed (no var CV = 0) AND Failed (with var CV > 0) | Equal Means", "Group 8: Flaky | Passed (with var CV > 0) AND Failed (no var CV = 0) | Equal Means")))), "Invalid"))) -> Group 12: Only Failed | With variation (with var CV > 0) | AH8: 0 | AI8: 100 | AJ8: =IF(AND(AH8>0, AI8>0), "Observed Flaky Test", "Non-observed Flaky Test") -> Non-observed Flaky Test | AK8: 0 | AL8: 0 | AM8: =IFERROR(AL8/AK8*100,"N/A") -> N/A | AN8: 2793162.4 | AO8: 75.425998 | AP8: =IFERROR(AO8/AN8*100,"N/A") -> 0.00270038 | AQ8: =IF(AND(AH8>0, AI8>0), IF(ROUND(N(AK8),5)<>ROUND(N(AN8),5), IF(AND(ROUND(N(AL8),8)=0, ROUND(N(AO8),8)=0), "Group 1: Flaky | Passed (no variation: SD = 0) AND Failed (no variation: SD = 0) | Different Means", IF(AND(ROUND(N(AL8),8)>0, ROUND(N(AO8),8)>0), "Group 2: Flaky | Passed (with variation: SD > 0) AND Failed (with variation: SD > 0) | Different Means", IF(AND(ROUND(N(AL8),8)=0, ROUND(N(AO8),8)>0), "Group 3: Flaky | Passed (no variation: SD = 0) AND Failed (with variation: SD > 0) | Different Means", "Group 4: Flaky | Passed (with variation: SD > 0) AND Failed (no variation: SD = 0) | Different Means"))), IF(AND(ROUND(N(AL8),8)=0, ROUND(N(AO8),8)=0), "Group 5: Flaky | Passed (no var SD = 0) AND Failed (no var SD = 0) | Equal Means", IF(AND(ROUND(N(AL8),8)>0, ROUND(N(AO8),8)>0), "Group 6: Flaky | Passed (with var SD > 0 ) AND Failed (with var SD > 0) | Equal Means", IF(AND(ROUND(N(AL8),8)=0, ROUND(N(AO8),8)>0), "Group 7: Flaky | Passed (no var SD = 0) AND Failed (with var SD > 0) | Equal Means", "Group 8: Flaky | Passed (with var SD > 0 ) AND Failed (no var SD = 0) | Equal Means"))) ), IF(AH8>0, IF(N(AL8)>0, "Group 10: Only Passed | With variation (with var SD > 0)", "Group 9: Only Passed | Without variation (no var SD = 0)"), IF(AI8>0, IF(N(AO8)>0, "Group 12: Only Failed | With variation (with var SD > 0)", "Group 11: Only Failed | Without variation (no var SD = 0)"), "Invalid: No Executions (Y=0, Z=0)" ) ) ) -> Group 12: Only Failed | With variation (with var SD > 0) | AR8: =IF(OR(F8="Observed Flaky Test", I8="Observed Flaky Test", S8="Observed Flaky Test", AJ8="Observed Flaky Test"), "Observed Flaky Test", "Non-observed Flaky Test") -> Non-observed Flaky Test
B9: test_core.py::CliTests::test_cli_create_user_random_password | C9: 749c609f27cec0ad1e51d855b355ed2bb93dd1768b11408bab36cc4ea982e93e | D9: 100 | E9: 0 | F9: =IF(AND(D9>0, E9>0), "Observed Flaky Test", "Non-observed Flaky Test") -> Non-observed Flaky Test | G9: 100 | H9: 0 | I9: =IF(AND(G9>0, H9>0), "Observed Flaky Test", "Non-observed Flaky Test") -> Non-observed Flaky Test | J9: 8.6008 | K9: 0.003919 | L9: =IFERROR(K9/J9*100,"N/A") -> 0.045565529 | M9: 0 | N9: 0 | O9: =IFERROR(N9/M9*100,"N/A") -> N/A | P9: =IF(AND(G9>0, H9=0), IF(ROUND(K9,8)=0, "Group 9: Only Passed | Without variation (SD Passed = 0)", "Group 10: Only Passed | With variation (SD Passed > 0)"), IF(AND(G9=0, H9>0), IF(ROUND(N9,8)=0, "Group 11: Only Failed | Without variation (SD Failed = 0)", "Group 12: Only Failed | With variation (SD Failed > 0)"), IF(AND(G9>0, H9>0), IF(ROUND(J9,5)<>ROUND(M9,5), IF(AND(ROUND(K9,8)=0, ROUND(N9,8)=0), "Group 1: Flaky | Passed (no variation) AND Failed (no variation) | Different Means", IF(AND(ROUND(K9,8)>0, ROUND(N9,8)>0), "Group 2: Flaky | Passed (with variation) AND Failed (with variation) | Different Means", IF(AND(ROUND(K9,8)=0, ROUND(N9,8)>0), "Group 3: Flaky | Passed (no variation) AND Failed (with variation) | Different Means", "Group 4: Flaky | Passed (with variation) AND Failed (no variation) | Different Means"))), IF(AND(ROUND(K9,8)=0, ROUND(N9,8)=0), "Group 5: Flaky | Passed (no variation) AND Failed (no variation) | Equal Means", IF(AND(ROUND(K9,8)>0, ROUND(N9,8)>0), "Group 6: Flaky | Passed (with variation) AND Failed (with variation) | Equal Means", IF(AND(ROUND(K9,8)=0, ROUND(N9,8)>0), "Group 7: Flaky | Passed (no variation) AND Failed (with variation) | Equal Means", "Group 8: Flaky | Passed (with variation) AND Failed (no variation) | Equal Means")))), "Invalid"))) -> Group 10: Only Passed | With variation (SD Passed > 0) | Q9: 100 | R9: 0 | S9: =IF(AND(Q9>0, R9>0), "Observed Flaky Test", "Non-observed Flaky Test") -> Non-observed Flaky Test | T9: 4275150.3 | U9: 117.90716 | V9: =IFERROR(U9/T9*100,"N/A") -> 0.0027579653 | W9: 0 | X9: 0 | Y9: =IFERROR(X9/W9*100,"N/A") -> N/A | Z9: =IF(AND(Q9>0, R9=0), IF(IFERROR(ROUND(V9,8),0)=0, "Group 9: Only Passed | Without variation (no var CV = 0)", "Group 10: Only Passed | With variation (with var CV > 0)"), IF(AND(Q9=0, R9>0), IF(IFERROR(ROUND(Y9,8),0)=0, "Group 11: Only Failed | Without variation (no var CV = 0)", "Group 12: Only Failed | With variation (with var CV > 0)"), IF(AND(Q9>0, R9>0), IF(ROUND(T9,5)<>ROUND(W9,5), IF(AND(IFERROR(ROUND(V9,8),0)=0, IFERROR(ROUND(Y9,8),0)=0), "Group 1: Flaky | Passed (no variation: CV = 0) AND Failed (no variation: CV = 0) | Different Means", IF(AND(IFERROR(ROUND(V9,8),0)>0, IFERROR(ROUND(Y9,8),0)>0), "Group 2: Flaky | Passed (with variation: CV > 0) AND Failed (with variation: CV > 0) | Different Means", IF(AND(IFERROR(ROUND(V9,8),0)=0, IFERROR(ROUND(Y9,8),0)>0), "Group 3: Flaky | Passed (no variation: CV = 0) AND Failed (with variation: CV > 0) | Different Means", "Group 4: Flaky | Passed (with variation: CV > 0) AND Failed (no variation: CV = 0) | Different Means"))), IF(AND(IFERROR(ROUND(V9,8),0)=0, IFERROR(ROUND(Y9,8),0)=0), "Group 5: Flaky | Passed (no var CV = 0) AND Failed (no var CV = 0) | Equal Means", IF(AND(IFERROR(ROUND(V9,8),0)>0, IFERROR(ROUND(Y9,8),0)>0), "Group 6: Flaky | Passed (with var CV > 0) AND Failed (with var CV > 0) | Equal Means", IF(AND(IFERROR(ROUND(V9,8),0)=0, IFERROR(ROUND(Y9,8),0)>0), "Group 7: Flaky | Passed (no var CV = 0) AND Failed (with var CV > 0) | Equal Means", "Group 8: Flaky | Passed (with var CV > 0) AND Failed (no var CV = 0) | Equal Means")))), "Invalid"))) -> Group 10: Only Passed | With variation (with var CV > 0) | AA9: 2.417762 | AB9: 0.11188 | AC9: =IFERROR(AB9/AA9*100,"N/A") -> 4.6274199 | AD9: 0 | AE9: 0 | AF9: =IFERROR(AE9/AD9*100,"N/A") -> N/A | AG9: =IF(AND(Q9>0, R9=0), IF(IFERROR(ROUND(AC9,8),0)=0, "Group 9: Only Passed | Without variation (no var CV = 0)", "Group 10: Only Passed | With variation (with var CV > 0)"), IF(AND(Q9=0, R9>0), IF(IFERROR(ROUND(AF9,8),0)=0, "Group 11: Only Failed | Without variation (no var CV = 0)", "Group 12: Only Failed | With variation (with var CV > 0)"), IF(AND(Q9>0, R9>0), IF(ROUND(AA9,5)<>ROUND(AD9,5), IF(AND(IFERROR(ROUND(AC9,8),0)=0, IFERROR(ROUND(AF9,8),0)=0), "Group 1: Flaky | Passed (no variation: CV = 0) AND Failed (no variation: CV = 0) | Different Means", IF(AND(IFERROR(ROUND(AC9,8),0)>0, IFERROR(ROUND(AF9,8),0)>0), "Group 2: Flaky | Passed (with variation: CV > 0) AND Failed (with variation: CV > 0) | Different Means", IF(AND(IFERROR(ROUND(AC9,8),0)=0, IFERROR(ROUND(AF9,8),0)>0), "Group 3: Flaky | Passed (no variation: CV = 0) AND Failed (with variation: CV > 0) | Different Means", "Group 4: Flaky | Passed (with variation: CV > 0) AND Failed (no variation: CV = 0) | Different Means"))), IF(AND(IFERROR(ROUND(AC9,8),0)=0, IFERROR(ROUND(AF9,8),0)=0), "Group 5: Flaky | Passed (no var CV = 0) AND Failed (no var CV = 0) | Equal Means", IF(AND(IFERROR(ROUND(AC9,8),0)>0, IFERROR(ROUND(AF9,8),0)>0), "Group 6: Flaky | Passed (with var CV > 0) AND Failed (with var CV > 0) | Equal Means", IF(AND(IFERROR(ROUND(AC9,8),0)=0, IFERROR(ROUND(AF9,8),0)>0), "Group 7: Flaky | Passed (no var CV = 0) AND Failed (with var CV > 0) | Equal Means", "Group 8: Flaky | Passed (with var CV > 0) AND Failed (no var CV = 0) | Equal Means")))), "Invalid"))) -> Group 10: Only Passed | With variation (with var CV > 0) | AH9: 100 | AI9: 0 | AJ9: =IF(AND(AH9>0, AI9>0), "Observed Flaky Test", "Non-observed Flaky Test") -> Non-observed Flaky Test | AK9: 2795019 | AL9: 67.887086 | AM9: =IFERROR(AL9/AK9*100,"N/A") -> 0.0024288596 | AN9: 0 | AO9: 0 | AP9: =IFERROR(AO9/AN9*100,"N/A") -> N/A | AQ9: =IF(AND(AH9>0, AI9>0), IF(ROUND(N(AK9),5)<>ROUND(N(AN9),5), IF(AND(ROUND(N(AL9),8)=0, ROUND(N(AO9),8)=0), "Group 1: Flaky | Passed (no variation: SD = 0) AND Failed (no variation: SD = 0) | Different Means", IF(AND(ROUND(N(AL9),8)>0, ROUND(N(AO9),8)>0), "Group 2: Flaky | Passed (with variation: SD > 0) AND Failed (with variation: SD > 0) | Different Means", IF(AND(ROUND(N(AL9),8)=0, ROUND(N(AO9),8)>0), "Group 3: Flaky | Passed (no variation: SD = 0) AND Failed (with variation: SD > 0) | Different Means", "Group 4: Flaky | Passed (with variation: SD > 0) AND Failed (no variation: SD = 0) | Different Means"))), IF(AND(ROUND(N(AL9),8)=0, ROUND(N(AO9),8)=0), "Group 5: Flaky | Passed (no var SD = 0) AND Failed (no var SD = 0) | Equal Means", IF(AND(ROUND(N(AL9),8)>0, ROUND(N(AO9),8)>0), "Group 6: Flaky | Passed (with var SD > 0 ) AND Failed (with var SD > 0) | Equal Means", IF(AND(ROUND(N(AL9),8)=0, ROUND(N(AO9),8)>0), "Group 7: Flaky | Passed (no var SD = 0) AND Failed (with var SD > 0) | Equal Means", "Group 8: Flaky | Passed (with var SD > 0 ) AND Failed (no var SD = 0) | Equal Means"))) ), IF(AH9>0, IF(N(AL9)>0, "Group 10: Only Passed | With variation (with var SD > 0)", "Group 9: Only Passed | Without variation (no var SD = 0)"), IF(AI9>0, IF(N(AO9)>0, "Group 12: Only Failed | With variation (with var SD > 0)", "Group 11: Only Failed | Without variation (no var SD = 0)"), "Invalid: No Executions (Y=0, Z=0)" ) ) ) -> Group 10: Only Passed | With variation (with var SD > 0) | AR9: =IF(OR(F9="Observed Flaky Test", I9="Observed Flaky Test", S9="Observed Flaky Test", AJ9="Observed Flaky Test"), "Observed Flaky Test", "Non-observed Flaky Test") -> Non-observed Flaky Test
B10: test_core.py::CliTests::test_cli_create_user_supplied_password | C10: 107722810b9b7947ac10d83de65d00569336e71a305223bc4df11d8157074d09 | D10: 100 | E10: 0 | F10: =IF(AND(D10>0, E10>0), "Observed Flaky Test", "Non-observed Flaky Test") -> Non-observed Flaky Test | G10: 100 | H10: 0 | I10: =IF(AND(G10>0, H10>0), "Observed Flaky Test", "Non-observed Flaky Test") -> Non-observed Flaky Test | J10: 8.6004 | K10: 0.0028 | L10: =IFERROR(K10/J10*100,"N/A") -> 0.032556625 | M10: 0 | N10: 0 | O10: =IFERROR(N10/M10*100,"N/A") -> N/A | P10: =IF(AND(G10>0, H10=0), IF(ROUND(K10,8)=0, "Group 9: Only Passed | Without variation (SD Passed = 0)", "Group 10: Only Passed | With variation (SD Passed > 0)"), IF(AND(G10=0, H10>0), IF(ROUND(N10,8)=0, "Group 11: Only Failed | Without variation (SD Failed = 0)", "Group 12: Only Failed | With variation (SD Failed > 0)"), IF(AND(G10>0, H10>0), IF(ROUND(J10,5)<>ROUND(M10,5), IF(AND(ROUND(K10,8)=0, ROUND(N10,8)=0), "Group 1: Flaky | Passed (no variation) AND Failed (no variation) | Different Means", IF(AND(ROUND(K10,8)>0, ROUND(N10,8)>0), "Group 2: Flaky | Passed (with variation) AND Failed (with variation) | Different Means", IF(AND(ROUND(K10,8)=0, ROUND(N10,8)>0), "Group 3: Flaky | Passed (no variation) AND Failed (with variation) | Different Means", "Group 4: Flaky | Passed (with variation) AND Failed (no variation) | Different Means"))), IF(AND(ROUND(K10,8)=0, ROUND(N10,8)=0), "Group 5: Flaky | Passed (no variation) AND Failed (no variation) | Equal Means", IF(AND(ROUND(K10,8)>0, ROUND(N10,8)>0), "Group 6: Flaky | Passed (with variation) AND Failed (with variation) | Equal Means", IF(AND(ROUND(K10,8)=0, ROUND(N10,8)>0), "Group 7: Flaky | Passed (no variation) AND Failed (with variation) | Equal Means", "Group 8: Flaky | Passed (with variation) AND Failed (no variation) | Equal Means")))), "Invalid"))) -> Group 10: Only Passed | With variation (SD Passed > 0) | Q10: 100 | R10: 0 | S10: =IF(AND(Q10>0, R10>0), "Observed Flaky Test", "Non-observed Flaky Test") -> Non-observed Flaky Test | T10: 4275014.1 | U10: 185.84437 | V10: =IFERROR(U10/T10*100,"N/A") -> 0.0043472225 | W10: 0 | X10: 0 | Y10: =IFERROR(X10/W10*100,"N/A") -> N/A | Z10: =IF(AND(Q10>0, R10=0), IF(IFERROR(ROUND(V10,8),0)=0, "Group 9: Only Passed | Without variation (no var CV = 0)", "Group 10: Only Passed | With variation (with var CV > 0)"), IF(AND(Q10=0, R10>0), IF(IFERROR(ROUND(Y10,8),0)=0, "Group 11: Only Failed | Without variation (no var CV = 0)", "Group 12: Only Failed | With variation (with var CV > 0)"), IF(AND(Q10>0, R10>0), IF(ROUND(T10,5)<>ROUND(W10,5), IF(AND(IFERROR(ROUND(V10,8),0)=0, IFERROR(ROUND(Y10,8),0)=0), "Group 1: Flaky | Passed (no variation: CV = 0) AND Failed (no variation: CV = 0) | Different Means", IF(AND(IFERROR(ROUND(V10,8),0)>0, IFERROR(ROUND(Y10,8),0)>0), "Group 2: Flaky | Passed (with variation: CV > 0) AND Failed (with variation: CV > 0) | Different Means", IF(AND(IFERROR(ROUND(V10,8),0)=0, IFERROR(ROUND(Y10,8),0)>0), "Group 3: Flaky | Passed (no variation: CV = 0) AND Failed (with variation: CV > 0) | Different Means", "Group 4: Flaky | Passed (with variation: CV > 0) AND Failed (no variation: CV = 0) | Different Means"))), IF(AND(IFERROR(ROUND(V10,8),0)=0, IFERROR(ROUND(Y10,8),0)=0), "Group 5: Flaky | Passed (no var CV = 0) AND Failed (no var CV = 0) | Equal Means", IF(AND(IFERROR(ROUND(V10,8),0)>0, IFERROR(ROUND(Y10,8),0)>0), "Group 6: Flaky | Passed (with var CV > 0) AND Failed (with var CV > 0) | Equal Means", IF(AND(IFERROR(ROUND(V10,8),0)=0, IFERROR(ROUND(Y10,8),0)>0), "Group 7: Flaky | Passed (no var CV = 0) AND Failed (with var CV > 0) | Equal Means", "Group 8: Flaky | Passed (with var CV > 0) AND Failed (no var CV = 0) | Equal Means")))), "Invalid"))) -> Group 10: Only Passed | With variation (with var CV > 0) | AA10: 2.36211 | AB10: 0.095123 | AC10: =IFERROR(AB10/AA10*100,"N/A") -> 4.0270352 | AD10: 0 | AE10: 0 | AF10: =IFERROR(AE10/AD10*100,"N/A") -> N/A | AG10: =IF(AND(Q10>0, R10=0), IF(IFERROR(ROUND(AC10,8),0)=0, "Group 9: Only Passed | Without variation (no var CV = 0)", "Group 10: Only Passed | With variation (with var CV > 0)"), IF(AND(Q10=0, R10>0), IF(IFERROR(ROUND(AF10,8),0)=0, "Group 11: Only Failed | Without variation (no var CV = 0)", "Group 12: Only Failed | With variation (with var CV > 0)"), IF(AND(Q10>0, R10>0), IF(ROUND(AA10,5)<>ROUND(AD10,5), IF(AND(IFERROR(ROUND(AC10,8),0)=0, IFERROR(ROUND(AF10,8),0)=0), "Group 1: Flaky | Passed (no variation: CV = 0) AND Failed (no variation: CV = 0) | Different Means", IF(AND(IFERROR(ROUND(AC10,8),0)>0, IFERROR(ROUND(AF10,8),0)>0), "Group 2: Flaky | Passed (with variation: CV > 0) AND Failed (with variation: CV > 0) | Different Means", IF(AND(IFERROR(ROUND(AC10,8),0)=0, IFERROR(ROUND(AF10,8),0)>0), "Group 3: Flaky | Passed (no variation: CV = 0) AND Failed (with variation: CV > 0) | Different Means", "Group 4: Flaky | Passed (with variation: CV > 0) AND Failed (no variation: CV = 0) | Different Means"))), IF(AND(IFERROR(ROUND(AC10,8),0)=0, IFERROR(ROUND(AF10,8),0)=0), "Group 5: Flaky | Passed (no var CV = 0) AND Failed (no var CV = 0) | Equal Means", IF(AND(IFERROR(ROUND(AC10,8),0)>0, IFERROR(ROUND(AF10,8),0)>0), "Group 6: Flaky | Passed (with var CV > 0) AND Failed (with var CV > 0) | Equal Means", IF(AND(IFERROR(ROUND(AC10,8),0)=0, IFERROR(ROUND(AF10,8),0)>0), "Group 7: Flaky | Passed (no var CV = 0) AND Failed (with var CV > 0) | Equal Means", "Group 8: Flaky | Passed (with var CV > 0) AND Failed (no var CV = 0) | Equal Means")))), "Invalid"))) -> Group 10: Only Passed | With variation (with var CV > 0) | AH10: 100 | AI10: 0 | AJ10: =IF(AND(AH10>0, AI10>0), "Observed Flaky Test", "Non-observed Flaky Test") -> Non-observed Flaky Test | AK10: 2792986.6 | AL10: 78.173767 | AM10: =IFERROR(AL10/AK10*100,"N/A") -> 0.002798931 | AN10: 0 | AO10: 0 | AP10: =IFERROR(AO10/AN10*100,"N/A") -> N/A | AQ10: =IF(AND(AH10>0, AI10>0), IF(ROUND(N(AK10),5)<>ROUND(N(AN10),5), IF(AND(ROUND(N(AL10),8)=0, ROUND(N(AO10),8)=0), "Group 1: Flaky | Passed (no variation: SD = 0) AND Failed (no variation: SD = 0) | Different Means", IF(AND(ROUND(N(AL10),8)>0, ROUND(N(AO10),8)>0), "Group 2: Flaky | Passed (with variation: SD > 0) AND Failed (with variation: SD > 0) | Different Means", IF(AND(ROUND(N(AL10),8)=0, ROUND(N(AO10),8)>0), "Group 3: Flaky | Passed (no variation: SD = 0) AND Failed (with variation: SD > 0) | Different Means", "Group 4: Flaky | Passed (with variation: SD > 0) AND Failed (no variation: SD = 0) | Different Means"))), IF(AND(ROUND(N(AL10),8)=0, ROUND(N(AO10),8)=0), "Group 5: Flaky | Passed (no var SD = 0) AND Failed (no var SD = 0) | Equal Means", IF(AND(ROUND(N(AL10),8)>0, ROUND(N(AO10),8)>0), "Group 6: Flaky | Passed (with var SD > 0 ) AND Failed (with var SD > 0) | Equal Means", IF(AND(ROUND(N(AL10),8)=0, ROUND(N(AO10),8)>0), "Group 7: Flaky | Passed (no var SD = 0) AND Failed (with var SD > 0) | Equal Means", "Group 8: Flaky | Passed (with var SD > 0 ) AND Failed (no var SD = 0) | Equal Means"))) ), IF(AH10>0, IF(N(AL10)>0, "Group 10: Only Passed | With variation (with var SD > 0)", "Group 9: Only Passed | Without variation (no var SD = 0)"), IF(AI10>0, IF(N(AO10)>0, "Group 12: Only Failed | With variation (with var SD > 0)", "Group 11: Only Failed | Without variation (no var SD = 0)"), "Invalid: No Executions (Y=0, Z=0)" ) ) ) -> Group 10: Only Passed | With variation (with var SD > 0) | AR10: =IF(OR(F10="Observed Flaky Test", I10="Observed Flaky Test", S10="Observed Flaky Test", AJ10="Observed Flaky Test"), "Observed Flaky Test", "Non-observed Flaky Test") -> Non-observed Flaky Test
B11: test_core.py::CliTests::test_cli_delete_user | C11: 991e3cdd9c971c6008aacf6a798c9b30af4944aa61ee73f097b7a2ea0cb81328 | D11: 100 | E11: 0 | F11: =IF(AND(D11>0, E11>0), "Observed Flaky Test", "Non-observed Flaky Test") -> Non-observed Flaky Test | G11: 100 | H11: 0 | I11: =IF(AND(G11>0, H11>0), "Observed Flaky Test", "Non-observed Flaky Test") -> Non-observed Flaky Test | J11: 8.61 | K11: 0 | L11: =IFERROR(K11/J11*100,"N/A") -> 0 | M11: 0 | N11: 0 | O11: =IFERROR(N11/M11*100,"N/A") -> N/A | P11: =IF(AND(G11>0, H11=0), IF(ROUND(K11,8)=0, "Group 9: Only Passed | Without variation (SD Passed = 0)", "Group 10: Only Passed | With variation (SD Passed > 0)"), IF(AND(G11=0, H11>0), IF(ROUND(N11,8)=0, "Group 11: Only Failed | Without variation (SD Failed = 0)", "Group 12: Only Failed | With variation (SD Failed > 0)"), IF(AND(G11>0, H11>0), IF(ROUND(J11,5)<>ROUND(M11,5), IF(AND(ROUND(K11,8)=0, ROUND(N11,8)=0), "Group 1: Flaky | Passed (no variation) AND Failed (no variation) | Different Means", IF(AND(ROUND(K11,8)>0, ROUND(N11,8)>0), "Group 2: Flaky | Passed (with variation) AND Failed (with variation) | Different Means", IF(AND(ROUND(K11,8)=0, ROUND(N11,8)>0), "Group 3: Flaky | Passed (no variation) AND Failed (with variation) | Different Means", "Group 4: Flaky | Passed (with variation) AND Failed (no variation) | Different Means"))), IF(AND(ROUND(K11,8)=0, ROUND(N11,8)=0), "Group 5: Flaky | Passed (no variation) AND Failed (no variation) | Equal Means", IF(AND(ROUND(K11,8)>0, ROUND(N11,8)>0), "Group 6: Flaky | Passed (with variation) AND Failed (with variation) | Equal Means", IF(AND(ROUND(K11,8)=0, ROUND(N11,8)>0), "Group 7: Flaky | Passed (no variation) AND Failed (with variation) | Equal Means", "Group 8: Flaky | Passed (with variation) AND Failed (no variation) | Equal Means")))), "Invalid"))) -> Group 9: Only Passed | Without variation (SD Passed = 0) | Q11: 100 | R11: 0 | S11: =IF(AND(Q11>0, R11>0), "Observed Flaky Test", "Non-observed Flaky Test") -> Non-observed Flaky Test | T11: 4284974.5 | U11: 132.01388 | V11: =IFERROR(U11/T11*100,"N/A") -> 0.0030808556 | W11: 0 | X11: 0 | Y11: =IFERROR(X11/W11*100,"N/A") -> N/A | Z11: =IF(AND(Q11>0, R11=0), IF(IFERROR(ROUND(V11,8),0)=0, "Group 9: Only Passed | Without variation (no var CV = 0)", "Group 10: Only Passed | With variation (with var CV > 0)"), IF(AND(Q11=0, R11>0), IF(IFERROR(ROUND(Y11,8),0)=0, "Group 11: Only Failed | Without variation (no var CV = 0)", "Group 12: Only Failed | With variation (with var CV > 0)"), IF(AND(Q11>0, R11>0), IF(ROUND(T11,5)<>ROUND(W11,5), IF(AND(IFERROR(ROUND(V11,8),0)=0, IFERROR(ROUND(Y11,8),0)=0), "Group 1: Flaky | Passed (no variation: CV = 0) AND Failed (no variation: CV = 0) | Different Means", IF(AND(IFERROR(ROUND(V11,8),0)>0, IFERROR(ROUND(Y11,8),0)>0), "Group 2: Flaky | Passed (with variation: CV > 0) AND Failed (with variation: CV > 0) | Different Means", IF(AND(IFERROR(ROUND(V11,8),0)=0, IFERROR(ROUND(Y11,8),0)>0), "Group 3: Flaky | Passed (no variation: CV = 0) AND Failed (with variation: CV > 0) | Different Means", "Group 4: Flaky | Passed (with variation: CV > 0) AND Failed (no variation: CV = 0) | Different Means"))), IF(AND(IFERROR(ROUND(V11,8),0)=0, IFERROR(ROUND(Y11,8),0)=0), "Group 5: Flaky | Passed (no var CV = 0) AND Failed (no var CV = 0) | Equal Means", IF(AND(IFERROR(ROUND(V11,8),0)>0, IFERROR(ROUND(Y11,8),0)>0), "Group 6: Flaky | Passed (with var CV > 0) AND Failed (with var CV > 0) | Equal Means", IF(AND(IFERROR(ROUND(V11,8),0)=0, IFERROR(ROUND(Y11,8),0)>0), "Group 7: Flaky | Passed (no var CV = 0) AND Failed (with var CV > 0) | Equal Means", "Group 8: Flaky | Passed (with var CV > 0) AND Failed (no var CV = 0) | Equal Means")))), "Invalid"))) -> Group 10: Only Passed | With variation (with var CV > 0) | AA11: 2.40729 | AB11: 0.07118 | AC11: =IFERROR(AB11/AA11*100,"N/A") -> 2.9568519 | AD11: 0 | AE11: 0 | AF11: =IFERROR(AE11/AD11*100,"N/A") -> N/A | AG11: =IF(AND(Q11>0, R11=0), IF(IFERROR(ROUND(AC11,8),0)=0, "Group 9: Only Passed | Without variation (no var CV = 0)", "Group 10: Only Passed | With variation (with var CV > 0)"), IF(AND(Q11=0, R11>0), IF(IFERROR(ROUND(AF11,8),0)=0, "Group 11: Only Failed | Without variation (no var CV = 0)", "Group 12: Only Failed | With variation (with var CV > 0)"), IF(AND(Q11>0, R11>0), IF(ROUND(AA11,5)<>ROUND(AD11,5), IF(AND(IFERROR(ROUND(AC11,8),0)=0, IFERROR(ROUND(AF11,8),0)=0), "Group 1: Flaky | Passed (no variation: CV = 0) AND Failed (no variation: CV = 0) | Different Means", IF(AND(IFERROR(ROUND(AC11,8),0)>0, IFERROR(ROUND(AF11,8),0)>0), "Group 2: Flaky | Passed (with variation: CV > 0) AND Failed (with variation: CV > 0) | Different Means", IF(AND(IFERROR(ROUND(AC11,8),0)=0, IFERROR(ROUND(AF11,8),0)>0), "Group 3: Flaky | Passed (no variation: CV = 0) AND Failed (with variation: CV > 0) | Different Means", "Group 4: Flaky | Passed (with variation: CV > 0) AND Failed (no variation: CV = 0) | Different Means"))), IF(AND(IFERROR(ROUND(AC11,8),0)=0, IFERROR(ROUND(AF11,8),0)=0), "Group 5: Flaky | Passed (no var CV = 0) AND Failed (no var CV = 0) | Equal Means", IF(AND(IFERROR(ROUND(AC11,8),0)>0, IFERROR(ROUND(AF11,8),0)>0), "Group 6: Flaky | Passed (with var CV > 0) AND Failed (with var CV > 0) | Equal Means", IF(AND(IFERROR(ROUND(AC11,8),0)=0, IFERROR(ROUND(AF11,8),0)>0), "Group 7: Flaky | Passed (no var CV = 0) AND Failed (with var CV > 0) | Equal Means", "Group 8: Flaky | Passed (with var CV > 0) AND Failed (no var CV = 0) | Equal Means")))), "Invalid"))) -> Group 10: Only Passed | With variation (with var CV > 0) | AH11: 100 | AI11: 0 | AJ11: =IF(AND(AH11>0, AI11>0), "Observed Flaky Test", "Non-observed Flaky Test") -> Non-observed Flaky Test | AK11: 2799728.2 | AL11: 79.765024 | AM11: =IFERROR(AL11/AK11*100,"N/A") -> 0.0028490274 | AN11: 0 | AO11: 0 | AP11: =IFERROR(AO11/AN11*100,"N/A") -> N/A | AQ11: =IF(AND(AH11>0, AI11>0), IF(ROUND(N(AK11),5)<>ROUND(N(AN11),5), IF(AND(ROUND(N(AL11),8)=0, ROUND(N(AO11),8)=0), "Group 1: Flaky | Passed (no variation: SD = 0) AND Failed (no variation: SD = 0) | Different Means", IF(AND(ROUND(N(AL11),8)>0, ROUND(N(AO11),8)>0), "Group 2: Flaky | Passed (with variation: SD > 0) AND Failed (with variation: SD > 0) | Different Means", IF(AND(ROUND(N(AL11),8)=0, ROUND(N(AO11),8)>0), "Group 3: Flaky | Passed (no variation: SD = 0) AND Failed (with variation: SD > 0) | Different Means", "Group 4: Flaky | Passed (with variation: SD > 0) AND Failed (no variation: SD = 0) | Different Means"))), IF(AND(ROUND(N(AL11),8)=0, ROUND(N(AO11),8)=0), "Group 5: Flaky | Passed (no var SD = 0) AND Failed (no var SD = 0) | Equal Means", IF(AND(ROUND(N(AL11),8)>0, ROUND(N(AO11),8)>0), "Group 6: Flaky | Passed (with var SD > 0 ) AND Failed (with var SD > 0) | Equal Means", IF(AND(ROUND(N(AL11),8)=0, ROUND(N(AO11),8)>0), "Group 7: Flaky | Passed (no var SD = 0) AND Failed (with var SD > 0) | Equal Means", "Group 8: Flaky | Passed (with var SD > 0 ) AND Failed (no var SD = 0) | Equal Means"))) ), IF(AH11>0, IF(N(AL11)>0, "Group 10: Only Passed | With variation (with var SD > 0)", "Group 9: Only Passed | Without variation (no var SD = 0)"), IF(AI11>0, IF(N(AO11)>0, "Group 12: Only Failed | With variation (with var SD > 0)", "Group 11: Only Failed | Without variation (no var SD = 0)"), "Invalid: No Executions (Y=0, Z=0)" ) ) ) -> Group 10: Only Passed | With variation (with var SD > 0) | AR11: =IF(OR(F11="Observed Flaky Test", I11="Observed Flaky Test", S11="Observed Flaky Test", AJ11="Observed Flaky Test"), "Observed Flaky Test", "Non-observed Flaky Test") -> Non-observed Flaky Test
B12: test_core.py::CliTests::test_cli_initdb | C12: b1a49108f25a8cdbf923b09c1954a004f750d45843c976516e70957d1df6bdee | D12: 100 | E12: 0 | F12: =IF(AND(D12>0, E12>0), "Observed Flaky Test", "Non-observed Flaky Test") -> Non-observed Flaky Test | G12: 100 | H12: 0 | I12: =IF(AND(G12>0, H12>0), "Observed Flaky Test", "Non-observed Flaky Test") -> Non-observed Flaky Test | J12: 8.53 | K12: 0 | L12: =IFERROR(K12/J12*100,"N/A") -> 0 | M12: 0 | N12: 0 | O12: =IFERROR(N12/M12*100,"N/A") -> N/A | P12: =IF(AND(G12>0, H12=0), IF(ROUND(K12,8)=0, "Group 9: Only Passed | Without variation (SD Passed = 0)", "Group 10: Only Passed | With variation (SD Passed > 0)"), IF(AND(G12=0, H12>0), IF(ROUND(N12,8)=0, "Group 11: Only Failed | Without variation (SD Failed = 0)", "Group 12: Only Failed | With variation (SD Failed > 0)"), IF(AND(G12>0, H12>0), IF(ROUND(J12,5)<>ROUND(M12,5), IF(AND(ROUND(K12,8)=0, ROUND(N12,8)=0), "Group 1: Flaky | Passed (no variation) AND Failed (no variation) | Different Means", IF(AND(ROUND(K12,8)>0, ROUND(N12,8)>0), "Group 2: Flaky | Passed (with variation) AND Failed (with variation) | Different Means", IF(AND(ROUND(K12,8)=0, ROUND(N12,8)>0), "Group 3: Flaky | Passed (no variation) AND Failed (with variation) | Different Means", "Group 4: Flaky | Passed (with variation) AND Failed (no variation) | Different Means"))), IF(AND(ROUND(K12,8)=0, ROUND(N12,8)=0), "Group 5: Flaky | Passed (no variation) AND Failed (no variation) | Equal Means", IF(AND(ROUND(K12,8)>0, ROUND(N12,8)>0), "Group 6: Flaky | Passed (with variation) AND Failed (with variation) | Equal Means", IF(AND(ROUND(K12,8)=0, ROUND(N12,8)>0), "Group 7: Flaky | Passed (no variation) AND Failed (with variation) | Equal Means", "Group 8: Flaky | Passed (with variation) AND Failed (no variation) | Equal Means")))), "Invalid"))) -> Group 9: Only Passed | Without variation (SD Passed = 0) | Q12: 100 | R12: 0 | S12: =IF(AND(Q12>0, R12>0), "Observed Flaky Test", "Non-observed Flaky Test") -> Non-observed Flaky Test | T12: 4270125 | U12: 121.83086 | V12: =IFERROR(U12/T12*100,"N/A") -> 0.0028530981 | W12: 0 | X12: 0 | Y12: =IFERROR(X12/W12*100,"N/A") -> N/A | Z12: =IF(AND(Q12>0, R12=0), IF(IFERROR(ROUND(V12,8),0)=0, "Group 9: Only Passed | Without variation (no var CV = 0)", "Group 10: Only Passed | With variation (with var CV > 0)"), IF(AND(Q12=0, R12>0), IF(IFERROR(ROUND(Y12,8),0)=0, "Group 11: Only Failed | Without variation (no var CV = 0)", "Group 12: Only Failed | With variation (with var CV > 0)"), IF(AND(Q12>0, R12>0), IF(ROUND(T12,5)<>ROUND(W12,5), IF(AND(IFERROR(ROUND(V12,8),0)=0, IFERROR(ROUND(Y12,8),0)=0), "Group 1: Flaky | Passed (no variation: CV = 0) AND Failed (no variation: CV = 0) | Different Means", IF(AND(IFERROR(ROUND(V12,8),0)>0, IFERROR(ROUND(Y12,8),0)>0), "Group 2: Flaky | Passed (with variation: CV > 0) AND Failed (with variation: CV > 0) | Different Means", IF(AND(IFERROR(ROUND(V12,8),0)=0, IFERROR(ROUND(Y12,8),0)>0), "Group 3: Flaky | Passed (no variation: CV = 0) AND Failed (with variation: CV > 0) | Different Means", "Group 4: Flaky | Passed (with variation: CV > 0) AND Failed (no variation: CV = 0) | Different Means"))), IF(AND(IFERROR(ROUND(V12,8),0)=0, IFERROR(ROUND(Y12,8),0)=0), "Group 5: Flaky | Passed (no var CV = 0) AND Failed (no var CV = 0) | Equal Means", IF(AND(IFERROR(ROUND(V12,8),0)>0, IFERROR(ROUND(Y12,8),0)>0), "Group 6: Flaky | Passed (with var CV > 0) AND Failed (with var CV > 0) | Equal Means", IF(AND(IFERROR(ROUND(V12,8),0)=0, IFERROR(ROUND(Y12,8),0)>0), "Group 7: Flaky | Passed (no var CV = 0) AND Failed (with var CV > 0) | Equal Means", "Group 8: Flaky | Passed (with var CV > 0) AND Failed (no var CV = 0) | Equal Means")))), "Invalid"))) -> Group 10: Only Passed | With variation (with var CV > 0) | AA12: 2.326053 | AB12: 0.054691 | AC12: =IFERROR(AB12/AA12*100,"N/A") -> 2.3512362 | AD12: 0 | AE12: 0 | AF12: =IFERROR(AE12/AD12*100,"N/A") -> N/A | AG12: =IF(AND(Q12>0, R12=0), IF(IFERROR(ROUND(AC12,8),0)=0, "Group 9: Only Passed | Without variation (no var CV = 0)", "Group 10: Only Passed | With variation (with var CV > 0)"), IF(AND(Q12=0, R12>0), IF(IFERROR(ROUND(AF12,8),0)=0, "Group 11: Only Failed | Without variation (no var CV = 0)", "Group 12: Only Failed | With variation (with var CV > 0)"), IF(AND(Q12>0, R12>0), IF(ROUND(AA12,5)<>ROUND(AD12,5), IF(AND(IFERROR(ROUND(AC12,8),0)=0, IFERROR(ROUND(AF12,8),0)=0), "Group 1: Flaky | Passed (no variation: CV = 0) AND Failed (no variation: CV = 0) | Different Means", IF(AND(IFERROR(ROUND(AC12,8),0)>0, IFERROR(ROUND(AF12,8),0)>0), "Group 2: Flaky | Passed (with variation: CV > 0) AND Failed (with variation: CV > 0) | Different Means", IF(AND(IFERROR(ROUND(AC12,8),0)=0, IFERROR(ROUND(AF12,8),0)>0), "Group 3: Flaky | Passed (no variation: CV = 0) AND Failed (with variation: CV > 0) | Different Means", "Group 4: Flaky | Passed (with variation: CV > 0) AND Failed (no variation: CV = 0) | Different Means"))), IF(AND(IFERROR(ROUND(AC12,8),0)=0, IFERROR(ROUND(AF12,8),0)=0), "Group 5: Flaky | Passed (no var CV = 0) AND Failed (no var CV = 0) | Equal Means", IF(AND(IFERROR(ROUND(AC12,8),0)>0, IFERROR(ROUND(AF12,8),0)>0), "Group 6: Flaky | Passed (with var CV > 0) AND Failed (with var CV > 0) | Equal Means", IF(AND(IFERROR(ROUND(AC12,8),0)=0, IFERROR(ROUND(AF12,8),0)>0), "Group 7: Flaky | Passed (no var CV = 0) AND Failed (with var CV > 0) | Equal Means", "Group 8: Flaky | Passed (with var CV > 0) AND Failed (no var CV = 0) | Equal Means")))), "Invalid"))) -> Group 10: Only Passed | With variation (with var CV > 0) | AH12: 100 | AI12: 0 | AJ12: =IF(AND(AH12>0, AI12>0), "Observed Flaky Test", "Non-observed Flaky Test") -> Non-observed Flaky Test | AK12: 2789970.3 | AL12: 76.583335 | AM12: =IFERROR(AL12/AK12*100,"N/A") -> 0.0027449516 | AN12: 0 | AO12: 0 | AP12: =IFERROR(AO12/AN12*100,"N/A") -> N/A | AQ12: =IF(AND(AH12>0, AI12>0), IF(ROUND(N(AK12),5)<>ROUND(N(AN12),5), IF(AND(ROUND(N(AL12),8)=0, ROUND(N(AO12),8)=0), "Group 1: Flaky | Passed (no variation: SD = 0) AND Failed (no variation: SD = 0) | Different Means", IF(AND(ROUND(N(AL12),8)>0, ROUND(N(AO12),8)>0), "Group 2: Flaky | Passed (with variation: SD > 0) AND Failed (with variation: SD > 0) | Different Means", IF(AND(ROUND(N(AL12),8)=0, ROUND(N(AO12),8)>0), "Group 3: Flaky | Passed (no variation: SD = 0) AND Failed (with variation: SD > 0) | Different Means", "Group 4: Flaky | Passed (with variation: SD > 0) AND Failed (no variation: SD = 0) | Different Means"))), IF(AND(ROUND(N(AL12),8)=0, ROUND(N(AO12),8)=0), "Group 5: Flaky | Passed (no var SD = 0) AND Failed (no var SD = 0) | Equal Means", IF(AND(ROUND(N(AL12),8)>0, ROUND(N(AO12),8)>0), "Group 6: Flaky | Passed (with var SD > 0 ) AND Failed (with var SD > 0) | Equal Means", IF(AND(ROUND(N(AL12),8)=0, ROUND(N(AO12),8)>0), "Group 7: Flaky | Passed (no var SD = 0) AND Failed (with var SD > 0) | Equal Means", "Group 8: Flaky | Passed (with var SD > 0 ) AND Failed (no var SD = 0) | Equal Means"))) ), IF(AH12>0, IF(N(AL12)>0, "Group 10: Only Passed | With variation (with var SD > 0)", "Group 9: Only Passed | Without variation (no var SD = 0)"), IF(AI12>0, IF(N(AO12)>0, "Group 12: Only Failed | With variation (with var SD > 0)", "Group 11: Only Failed | Without variation (no var SD = 0)"), "Invalid: No Executions (Y=0, Z=0)" ) ) ) -> Group 10: Only Passed | With variation (with var SD > 0) | AR12: =IF(OR(F12="Observed Flaky Test", I12="Observed Flaky Test", S12="Observed Flaky Test", AJ12="Observed Flaky Test"), "Observed Flaky Test", "Non-observed Flaky Test") -> Non-observed Flaky Test
B13: test_core.py::CliTests::test_cli_list_dag_runs | C13: 09fc759efd4aaa0aa12e22b979eda9ea1fda645a4f6356853e7a2ceddacba099 | D13: 0 | E13: 100 | F13: =IF(AND(D13>0, E13>0), "Observed Flaky Test", "Non-observed Flaky Test") -> Non-observed Flaky Test | G13: 0 | H13: 100 | I13: =IF(AND(G13>0, H13>0), "Observed Flaky Test", "Non-observed Flaky Test") -> Non-observed Flaky Test | J13: 0 | K13: 0 | L13: =IFERROR(K13/J13*100,"N/A") -> N/A | M13: 8.6 | N13: 0 | O13: =IFERROR(N13/M13*100,"N/A") -> 0 | P13: =IF(AND(G13>0, H13=0), IF(ROUND(K13,8)=0, "Group 9: Only Passed | Without variation (SD Passed = 0)", "Group 10: Only Passed | With variation (SD Passed > 0)"), IF(AND(G13=0, H13>0), IF(ROUND(N13,8)=0, "Group 11: Only Failed | Without variation (SD Failed = 0)", "Group 12: Only Failed | With variation (SD Failed > 0)"), IF(AND(G13>0, H13>0), IF(ROUND(J13,5)<>ROUND(M13,5), IF(AND(ROUND(K13,8)=0, ROUND(N13,8)=0), "Group 1: Flaky | Passed (no variation) AND Failed (no variation) | Different Means", IF(AND(ROUND(K13,8)>0, ROUND(N13,8)>0), "Group 2: Flaky | Passed (with variation) AND Failed (with variation) | Different Means", IF(AND(ROUND(K13,8)=0, ROUND(N13,8)>0), "Group 3: Flaky | Passed (no variation) AND Failed (with variation) | Different Means", "Group 4: Flaky | Passed (with variation) AND Failed (no variation) | Different Means"))), IF(AND(ROUND(K13,8)=0, ROUND(N13,8)=0), "Group 5: Flaky | Passed (no variation) AND Failed (no variation) | Equal Means", IF(AND(ROUND(K13,8)>0, ROUND(N13,8)>0), "Group 6: Flaky | Passed (with variation) AND Failed (with variation) | Equal Means", IF(AND(ROUND(K13,8)=0, ROUND(N13,8)>0), "Group 7: Flaky | Passed (no variation) AND Failed (with variation) | Equal Means", "Group 8: Flaky | Passed (with variation) AND Failed (no variation) | Equal Means")))), "Invalid"))) -> Group 11: Only Failed | Without variation (SD Failed = 0) | Q13: 0 | R13: 100 | S13: =IF(AND(Q13>0, R13>0), "Observed Flaky Test", "Non-observed Flaky Test") -> Non-observed Flaky Test | T13: 0 | U13: 0 | V13: =IFERROR(U13/T13*100,"N/A") -> N/A | W13: 5211164 | X13: 159.74532 | Y13: =IFERROR(X13/W13*100,"N/A") -> 0.003065444 | Z13: =IF(AND(Q13>0, R13=0), IF(IFERROR(ROUND(V13,8),0)=0, "Group 9: Only Passed | Without variation (no var CV = 0)", "Group 10: Only Passed | With variation (with var CV > 0)"), IF(AND(Q13=0, R13>0), IF(IFERROR(ROUND(Y13,8),0)=0, "Group 11: Only Failed | Without variation (no var CV = 0)", "Group 12: Only Failed | With variation (with var CV > 0)"), IF(AND(Q13>0, R13>0), IF(ROUND(T13,5)<>ROUND(W13,5), IF(AND(IFERROR(ROUND(V13,8),0)=0, IFERROR(ROUND(Y13,8),0)=0), "Group 1: Flaky | Passed (no variation: CV = 0) AND Failed (no variation: CV = 0) | Different Means", IF(AND(IFERROR(ROUND(V13,8),0)>0, IFERROR(ROUND(Y13,8),0)>0), "Group 2: Flaky | Passed (with variation: CV > 0) AND Failed (with variation: CV > 0) | Different Means", IF(AND(IFERROR(ROUND(V13,8),0)=0, IFERROR(ROUND(Y13,8),0)>0), "Group 3: Flaky | Passed (no variation: CV = 0) AND Failed (with variation: CV > 0) | Different Means", "Group 4: Flaky | Passed (with variation: CV > 0) AND Failed (no variation: CV = 0) | Different Means"))), IF(AND(IFERROR(ROUND(V13,8),0)=0, IFERROR(ROUND(Y13,8),0)=0), "Group 5: Flaky | Passed (no var CV = 0) AND Failed (no var CV = 0) | Equal Means", IF(AND(IFERROR(ROUND(V13,8),0)>0, IFERROR(ROUND(Y13,8),0)>0), "Group 6: Flaky | Passed (with var CV > 0) AND Failed (with var CV > 0) | Equal Means", IF(AND(IFERROR(ROUND(V13,8),0)=0, IFERROR(ROUND(Y13,8),0)>0), "Group 7: Flaky | Passed (no var CV = 0) AND Failed (with var CV > 0) | Equal Means", "Group 8: Flaky | Passed (with var CV > 0) AND Failed (no var CV = 0) | Equal Means")))), "Invalid"))) -> Group 12: Only Failed | With variation (with var CV > 0) | AA13: 0 | AB13: 0 | AC13: =IFERROR(AB13/AA13*100,"N/A") -> N/A | AD13: 2.725966 | AE13: 0.301499 | AF13: =IFERROR(AE13/AD13*100,"N/A") -> 11.060263 | AG13: =IF(AND(Q13>0, R13=0), IF(IFERROR(ROUND(AC13,8),0)=0, "Group 9: Only Passed | Without variation (no var CV = 0)", "Group 10: Only Passed | With variation (with var CV > 0)"), IF(AND(Q13=0, R13>0), IF(IFERROR(ROUND(AF13,8),0)=0, "Group 11: Only Failed | Without variation (no var CV = 0)", "Group 12: Only Failed | With variation (with var CV > 0)"), IF(AND(Q13>0, R13>0), IF(ROUND(AA13,5)<>ROUND(AD13,5), IF(AND(IFERROR(ROUND(AC13,8),0)=0, IFERROR(ROUND(AF13,8),0)=0), "Group 1: Flaky | Passed (no variation: CV = 0) AND Failed (no variation: CV = 0) | Different Means", IF(AND(IFERROR(ROUND(AC13,8),0)>0, IFERROR(ROUND(AF13,8),0)>0), "Group 2: Flaky | Passed (with variation: CV > 0) AND Failed (with variation: CV > 0) | Different Means", IF(AND(IFERROR(ROUND(AC13,8),0)=0, IFERROR(ROUND(AF13,8),0)>0), "Group 3: Flaky | Passed (no variation: CV = 0) AND Failed (with variation: CV > 0) | Different Means", "Group 4: Flaky | Passed (with variation: CV > 0) AND Failed (no variation: CV = 0) | Different Means"))), IF(AND(IFERROR(ROUND(AC13,8),0)=0, IFERROR(ROUND(AF13,8),0)=0), "Group 5: Flaky | Passed (no var CV = 0) AND Failed (no var CV = 0) | Equal Means", IF(AND(IFERROR(ROUND(AC13,8),0)>0, IFERROR(ROUND(AF13,8),0)>0), "Group 6: Flaky | Passed (with var CV > 0) AND Failed (with var CV > 0) | Equal Means", IF(AND(IFERROR(ROUND(AC13,8),0)=0, IFERROR(ROUND(AF13,8),0)>0), "Group 7: Flaky | Passed (no var CV = 0) AND Failed (with var CV > 0) | Equal Means", "Group 8: Flaky | Passed (with var CV > 0) AND Failed (no var CV = 0) | Equal Means")))), "Invalid"))) -> Group 12: Only Failed | With variation (with var CV > 0) | AH13: 0 | AI13: 100 | AJ13: =IF(AND(AH13>0, AI13>0), "Observed Flaky Test", "Non-observed Flaky Test") -> Non-observed Flaky Test | AK13: 0 | AL13: 0 | AM13: =IFERROR(AL13/AK13*100,"N/A") -> N/A | AN13: 2797774.9 | AO13: 81.028103 | AP13: =IFERROR(AO13/AN13*100,"N/A") -> 0.0028961623 | AQ13: =IF(AND(AH13>0, AI13>0), IF(ROUND(N(AK13),5)<>ROUND(N(AN13),5), IF(AND(ROUND(N(AL13),8)=0, ROUND(N(AO13),8)=0), "Group 1: Flaky | Passed (no variation: SD = 0) AND Failed (no variation: SD = 0) | Different Means", IF(AND(ROUND(N(AL13),8)>0, ROUND(N(AO13),8)>0), "Group 2: Flaky | Passed (with variation: SD > 0) AND Failed (with variation: SD > 0) | Different Means", IF(AND(ROUND(N(AL13),8)=0, ROUND(N(AO13),8)>0), "Group 3: Flaky | Passed (no variation: SD = 0) AND Failed (with variation: SD > 0) | Different Means", "Group 4: Flaky | Passed (with variation: SD > 0) AND Failed (no variation: SD = 0) | Different Means"))), IF(AND(ROUND(N(AL13),8)=0, ROUND(N(AO13),8)=0), "Group 5: Flaky | Passed (no var SD = 0) AND Failed (no var SD = 0) | Equal Means", IF(AND(ROUND(N(AL13),8)>0, ROUND(N(AO13),8)>0), "Group 6: Flaky | Passed (with var SD > 0 ) AND Failed (with var SD > 0) | Equal Means", IF(AND(ROUND(N(AL13),8)=0, ROUND(N(AO13),8)>0), "Group 7: Flaky | Passed (no var SD = 0) AND Failed (with var SD > 0) | Equal Means", "Group 8: Flaky | Passed (with var SD > 0 ) AND Failed (no var SD = 0) | Equal Means"))) ), IF(AH13>0, IF(N(AL13)>0, "Group 10: Only Passed | With variation (with var SD > 0)", "Group 9: Only Passed | Without variation (no var SD = 0)"), IF(AI13>0, IF(N(AO13)>0, "Group 12: Only Failed | With variation (with var SD > 0)", "Group 11: Only Failed | Without variation (no var SD = 0)"), "Invalid: No Executions (Y=0, Z=0)" ) ) ) -> Group 12: Only Failed | With variation (with var SD > 0) | AR13: =IF(OR(F13="Observed Flaky Test", I13="Observed Flaky Test", S13="Observed Flaky Test", AJ13="Observed Flaky Test"), "Observed Flaky Test", "Non-observed Flaky Test") -> Non-observed Flaky Test
B14: test_core.py::CliTests::test_cli_list_dags | C14: 2589ebe27edc745a038bf2e92dcd52b4caf643f2d4d524650d12f56322bb859d | D14: 100 | E14: 0 | F14: =IF(AND(D14>0, E14>0), "Observed Flaky Test", "Non-observed Flaky Test") -> Non-observed Flaky Test | G14: 100 | H14: 0 | I14: =IF(AND(G14>0, H14>0), "Observed Flaky Test", "Non-observed Flaky Test") -> Non-observed Flaky Test | J14: 8.6403 | K14: 0.001706 | L14: =IFERROR(K14/J14*100,"N/A") -> 0.019744685 | M14: 0 | N14: 0 | O14: =IFERROR(N14/M14*100,"N/A") -> N/A | P14: =IF(AND(G14>0, H14=0), IF(ROUND(K14,8)=0, "Group 9: Only Passed | Without variation (SD Passed = 0)", "Group 10: Only Passed | With variation (SD Passed > 0)"), IF(AND(G14=0, H14>0), IF(ROUND(N14,8)=0, "Group 11: Only Failed | Without variation (SD Failed = 0)", "Group 12: Only Failed | With variation (SD Failed > 0)"), IF(AND(G14>0, H14>0), IF(ROUND(J14,5)<>ROUND(M14,5), IF(AND(ROUND(K14,8)=0, ROUND(N14,8)=0), "Group 1: Flaky | Passed (no variation) AND Failed (no variation) | Different Means", IF(AND(ROUND(K14,8)>0, ROUND(N14,8)>0), "Group 2: Flaky | Passed (with variation) AND Failed (with variation) | Different Means", IF(AND(ROUND(K14,8)=0, ROUND(N14,8)>0), "Group 3: Flaky | Passed (no variation) AND Failed (with variation) | Different Means", "Group 4: Flaky | Passed (with variation) AND Failed (no variation) | Different Means"))), IF(AND(ROUND(K14,8)=0, ROUND(N14,8)=0), "Group 5: Flaky | Passed (no variation) AND Failed (no variation) | Equal Means", IF(AND(ROUND(K14,8)>0, ROUND(N14,8)>0), "Group 6: Flaky | Passed (with variation) AND Failed (with variation) | Equal Means", IF(AND(ROUND(K14,8)=0, ROUND(N14,8)>0), "Group 7: Flaky | Passed (no variation) AND Failed (with variation) | Equal Means", "Group 8: Flaky | Passed (with variation) AND Failed (no variation) | Equal Means")))), "Invalid"))) -> Group 10: Only Passed | With variation (SD Passed > 0) | Q14: 100 | R14: 0 | S14: =IF(AND(Q14>0, R14>0), "Observed Flaky Test", "Non-observed Flaky Test") -> Non-observed Flaky Test | T14: 4338265.5 | U14: 134.27331 | V14: =IFERROR(U14/T14*100,"N/A") -> 0.003095092 | W14: 0 | X14: 0 | Y14: =IFERROR(X14/W14*100,"N/A") -> N/A | Z14: =IF(AND(Q14>0, R14=0), IF(IFERROR(ROUND(V14,8),0)=0, "Group 9: Only Passed | Without variation (no var CV = 0)", "Group 10: Only Passed | With variation (with var CV > 0)"), IF(AND(Q14=0, R14>0), IF(IFERROR(ROUND(Y14,8),0)=0, "Group 11: Only Failed | Without variation (no var CV = 0)", "Group 12: Only Failed | With variation (with var CV > 0)"), IF(AND(Q14>0, R14>0), IF(ROUND(T14,5)<>ROUND(W14,5), IF(AND(IFERROR(ROUND(V14,8),0)=0, IFERROR(ROUND(Y14,8),0)=0), "Group 1: Flaky | Passed (no variation: CV = 0) AND Failed (no variation: CV = 0) | Different Means", IF(AND(IFERROR(ROUND(V14,8),0)>0, IFERROR(ROUND(Y14,8),0)>0), "Group 2: Flaky | Passed (with variation: CV > 0) AND Failed (with variation: CV > 0) | Different Means", IF(AND(IFERROR(ROUND(V14,8),0)=0, IFERROR(ROUND(Y14,8),0)>0), "Group 3: Flaky | Passed (no variation: CV = 0) AND Failed (with variation: CV > 0) | Different Means", "Group 4: Flaky | Passed (with variation: CV > 0) AND Failed (no variation: CV = 0) | Different Means"))), IF(AND(IFERROR(ROUND(V14,8),0)=0, IFERROR(ROUND(Y14,8),0)=0), "Group 5: Flaky | Passed (no var CV = 0) AND Failed (no var CV = 0) | Equal Means", IF(AND(IFERROR(ROUND(V14,8),0)>0, IFERROR(ROUND(Y14,8),0)>0), "Group 6: Flaky | Passed (with var CV > 0) AND Failed (with var CV > 0) | Equal Means", IF(AND(IFERROR(ROUND(V14,8),0)=0, IFERROR(ROUND(Y14,8),0)>0), "Group 7: Flaky | Passed (no var CV = 0) AND Failed (with var CV > 0) | Equal Means", "Group 8: Flaky | Passed (with var CV > 0) AND Failed (no var CV = 0) | Equal Means")))), "Invalid"))) -> Group 10: Only Passed | With variation (with var CV > 0) | AA14: 2.459683 | AB14: 0.376516 | AC14: =IFERROR(AB14/AA14*100,"N/A") -> 15.307501 | AD14: 0 | AE14: 0 | AF14: =IFERROR(AE14/AD14*100,"N/A") -> N/A | AG14: =IF(AND(Q14>0, R14=0), IF(IFERROR(ROUND(AC14,8),0)=0, "Group 9: Only Passed | Without variation (no var CV = 0)", "Group 10: Only Passed | With variation (with var CV > 0)"), IF(AND(Q14=0, R14>0), IF(IFERROR(ROUND(AF14,8),0)=0, "Group 11: Only Failed | Without variation (no var CV = 0)", "Group 12: Only Failed | With variation (with var CV > 0)"), IF(AND(Q14>0, R14>0), IF(ROUND(AA14,5)<>ROUND(AD14,5), IF(AND(IFERROR(ROUND(AC14,8),0)=0, IFERROR(ROUND(AF14,8),0)=0), "Group 1: Flaky | Passed (no variation: CV = 0) AND Failed (no variation: CV = 0) | Different Means", IF(AND(IFERROR(ROUND(AC14,8),0)>0, IFERROR(ROUND(AF14,8),0)>0), "Group 2: Flaky | Passed (with variation: CV > 0) AND Failed (with variation: CV > 0) | Different Means", IF(AND(IFERROR(ROUND(AC14,8),0)=0, IFERROR(ROUND(AF14,8),0)>0), "Group 3: Flaky | Passed (no variation: CV = 0) AND Failed (with variation: CV > 0) | Different Means", "Group 4: Flaky | Passed (with variation: CV > 0) AND Failed (no variation: CV = 0) | Different Means"))), IF(AND(IFERROR(ROUND(AC14,8),0)=0, IFERROR(ROUND(AF14,8),0)=0), "Group 5: Flaky | Passed (no var CV = 0) AND Failed (no var CV = 0) | Equal Means", IF(AND(IFERROR(ROUND(AC14,8),0)>0, IFERROR(ROUND(AF14,8),0)>0), "Group 6: Flaky | Passed (with var CV > 0) AND Failed (with var CV > 0) | Equal Means", IF(AND(IFERROR(ROUND(AC14,8),0)=0, IFERROR(ROUND(AF14,8),0)>0), "Group 7: Flaky | Passed (no var CV = 0) AND Failed (with var CV > 0) | Equal Means", "Group 8: Flaky | Passed (with var CV > 0) AND Failed (no var CV = 0) | Equal Means")))), "Invalid"))) -> Group 10: Only Passed | With variation (with var CV > 0) | AH14: 100 | AI14: 0 | AJ14: =IF(AND(AH14>0, AI14>0), "Observed Flaky Test", "Non-observed Flaky Test") -> Non-observed Flaky Test | AK14: 4224931.5 | AL14: 128.49781 | AM14: =IFERROR(AL14/AK14*100,"N/A") -> 0.0030414176 | AN14: 0 | AO14: 0 | AP14: =IFERROR(AO14/AN14*100,"N/A") -> N/A | AQ14: =IF(AND(AH14>0, AI14>0), IF(ROUND(N(AK14),5)<>ROUND(N(AN14),5), IF(AND(ROUND(N(AL14),8)=0, ROUND(N(AO14),8)=0), "Group 1: Flaky | Passed (no variation: SD = 0) AND Failed (no variation: SD = 0) | Different Means", IF(AND(ROUND(N(AL14),8)>0, ROUND(N(AO14),8)>0), "Group 2: Flaky | Passed (with variation: SD > 0) AND Failed (with variation: SD > 0) | Different Means", IF(AND(ROUND(N(AL14),8)=0, ROUND(N(AO14),8)>0), "Group 3: Flaky | Passed (no variation: SD = 0) AND Failed (with variation: SD > 0) | Different Means", "Group 4: Flaky | Passed (with variation: SD > 0) AND Failed (no variation: SD = 0) | Different Means"))), IF(AND(ROUND(N(AL14),8)=0, ROUND(N(AO14),8)=0), "Group 5: Flaky | Passed (no var SD = 0) AND Failed (no var SD = 0) | Equal Means", IF(AND(ROUND(N(AL14),8)>0, ROUND(N(AO14),8)>0), "Group 6: Flaky | Passed (with var SD > 0 ) AND Failed (with var SD > 0) | Equal Means", IF(AND(ROUND(N(AL14),8)=0, ROUND(N(AO14),8)>0), "Group 7: Flaky | Passed (no var SD = 0) AND Failed (with var SD > 0) | Equal Means", "Group 8: Flaky | Passed (with var SD > 0 ) AND Failed (no var SD = 0) | Equal Means"))) ), IF(AH14>0, IF(N(AL14)>0, "Group 10: Only Passed | With variation (with var SD > 0)", "Group 9: Only Passed | Without variation (no var SD = 0)"), IF(AI14>0, IF(N(AO14)>0, "Group 12: Only Failed | With variation (with var SD > 0)", "Group 11: Only Failed | Without variation (no var SD = 0)"), "Invalid: No Executions (Y=0, Z=0)" ) ) ) -> Group 10: Only Passed | With variation (with var SD > 0) | AR14: =IF(OR(F14="Observed Flaky Test", I14="Observed Flaky Test", S14="Observed Flaky Test", AJ14="Observed Flaky Test"), "Observed Flaky Test", "Non-observed Flaky Test") -> Non-observed Flaky Test
B15: test_core.py::CliTests::test_cli_list_users | C15: 6fc042d72ba15947d486e77e6570adeb82e8fc889ccb53e7cafb77a3f44d88e9 | D15: 100 | E15: 0 | F15: =IF(AND(D15>0, E15>0), "Observed Flaky Test", "Non-observed Flaky Test") -> Non-observed Flaky Test | G15: 100 | H15: 0 | I15: =IF(AND(G15>0, H15>0), "Observed Flaky Test", "Non-observed Flaky Test") -> Non-observed Flaky Test | J15: 8.62 | K15: 0 | L15: =IFERROR(K15/J15*100,"N/A") -> 0 | M15: 0 | N15: 0 | O15: =IFERROR(N15/M15*100,"N/A") -> N/A | P15: =IF(AND(G15>0, H15=0), IF(ROUND(K15,8)=0, "Group 9: Only Passed | Without variation (SD Passed = 0)", "Group 10: Only Passed | With variation (SD Passed > 0)"), IF(AND(G15=0, H15>0), IF(ROUND(N15,8)=0, "Group 11: Only Failed | Without variation (SD Failed = 0)", "Group 12: Only Failed | With variation (SD Failed > 0)"), IF(AND(G15>0, H15>0), IF(ROUND(J15,5)<>ROUND(M15,5), IF(AND(ROUND(K15,8)=0, ROUND(N15,8)=0), "Group 1: Flaky | Passed (no variation) AND Failed (no variation) | Different Means", IF(AND(ROUND(K15,8)>0, ROUND(N15,8)>0), "Group 2: Flaky | Passed (with variation) AND Failed (with variation) | Different Means", IF(AND(ROUND(K15,8)=0, ROUND(N15,8)>0), "Group 3: Flaky | Passed (no variation) AND Failed (with variation) | Different Means", "Group 4: Flaky | Passed (with variation) AND Failed (no variation) | Different Means"))), IF(AND(ROUND(K15,8)=0, ROUND(N15,8)=0), "Group 5: Flaky | Passed (no variation) AND Failed (no variation) | Equal Means", IF(AND(ROUND(K15,8)>0, ROUND(N15,8)>0), "Group 6: Flaky | Passed (with variation) AND Failed (with variation) | Equal Means", IF(AND(ROUND(K15,8)=0, ROUND(N15,8)>0), "Group 7: Flaky | Passed (no variation) AND Failed (with variation) | Equal Means", "Group 8: Flaky | Passed (with variation) AND Failed (no variation) | Equal Means")))), "Invalid"))) -> Group 9: Only Passed | Without variation (SD Passed = 0) | Q15: 100 | R15: 0 | S15: =IF(AND(Q15>0, R15>0), "Observed Flaky Test", "Non-observed Flaky Test") -> Non-observed Flaky Test | T15: 4286648.2 | U15: 134.43626 | V15: =IFERROR(U15/T15*100,"N/A") -> 0.0031361627 | W15: 0 | X15: 0 | Y15: =IFERROR(X15/W15*100,"N/A") -> N/A | Z15: =IF(AND(Q15>0, R15=0), IF(IFERROR(ROUND(V15,8),0)=0, "Group 9: Only Passed | Without variation (no var CV = 0)", "Group 10: Only Passed | With variation (with var CV > 0)"), IF(AND(Q15=0, R15>0), IF(IFERROR(ROUND(Y15,8),0)=0, "Group 11: Only Failed | Without variation (no var CV = 0)", "Group 12: Only Failed | With variation (with var CV > 0)"), IF(AND(Q15>0, R15>0), IF(ROUND(T15,5)<>ROUND(W15,5), IF(AND(IFERROR(ROUND(V15,8),0)=0, IFERROR(ROUND(Y15,8),0)=0), "Group 1: Flaky | Passed (no variation: CV = 0) AND Failed (no variation: CV = 0) | Different Means", IF(AND(IFERROR(ROUND(V15,8),0)>0, IFERROR(ROUND(Y15,8),0)>0), "Group 2: Flaky | Passed (with variation: CV > 0) AND Failed (with variation: CV > 0) | Different Means", IF(AND(IFERROR(ROUND(V15,8),0)=0, IFERROR(ROUND(Y15,8),0)>0), "Group 3: Flaky | Passed (no variation: CV = 0) AND Failed (with variation: CV > 0) | Different Means", "Group 4: Flaky | Passed (with variation: CV > 0) AND Failed (no variation: CV = 0) | Different Means"))), IF(AND(IFERROR(ROUND(V15,8),0)=0, IFERROR(ROUND(Y15,8),0)=0), "Group 5: Flaky | Passed (no var CV = 0) AND Failed (no var CV = 0) | Equal Means", IF(AND(IFERROR(ROUND(V15,8),0)>0, IFERROR(ROUND(Y15,8),0)>0), "Group 6: Flaky | Passed (with var CV > 0) AND Failed (with var CV > 0) | Equal Means", IF(AND(IFERROR(ROUND(V15,8),0)=0, IFERROR(ROUND(Y15,8),0)>0), "Group 7: Flaky | Passed (no var CV = 0) AND Failed (with var CV > 0) | Equal Means", "Group 8: Flaky | Passed (with var CV > 0) AND Failed (no var CV = 0) | Equal Means")))), "Invalid"))) -> Group 10: Only Passed | With variation (with var CV > 0) | AA15: 2.491199 | AB15: 0.550082 | AC15: =IFERROR(AB15/AA15*100,"N/A") -> 22.081014 | AD15: 0 | AE15: 0 | AF15: =IFERROR(AE15/AD15*100,"N/A") -> N/A | AG15: =IF(AND(Q15>0, R15=0), IF(IFERROR(ROUND(AC15,8),0)=0, "Group 9: Only Passed | Without variation (no var CV = 0)", "Group 10: Only Passed | With variation (with var CV > 0)"), IF(AND(Q15=0, R15>0), IF(IFERROR(ROUND(AF15,8),0)=0, "Group 11: Only Failed | Without variation (no var CV = 0)", "Group 12: Only Failed | With variation (with var CV > 0)"), IF(AND(Q15>0, R15>0), IF(ROUND(AA15,5)<>ROUND(AD15,5), IF(AND(IFERROR(ROUND(AC15,8),0)=0, IFERROR(ROUND(AF15,8),0)=0), "Group 1: Flaky | Passed (no variation: CV = 0) AND Failed (no variation: CV = 0) | Different Means", IF(AND(IFERROR(ROUND(AC15,8),0)>0, IFERROR(ROUND(AF15,8),0)>0), "Group 2: Flaky | Passed (with variation: CV > 0) AND Failed (with variation: CV > 0) | Different Means", IF(AND(IFERROR(ROUND(AC15,8),0)=0, IFERROR(ROUND(AF15,8),0)>0), "Group 3: Flaky | Passed (no variation: CV = 0) AND Failed (with variation: CV > 0) | Different Means", "Group 4: Flaky | Passed (with variation: CV > 0) AND Failed (no variation: CV = 0) | Different Means"))), IF(AND(IFERROR(ROUND(AC15,8),0)=0, IFERROR(ROUND(AF15,8),0)=0), "Group 5: Flaky | Passed (no var CV = 0) AND Failed (no var CV = 0) | Equal Means", IF(AND(IFERROR(ROUND(AC15,8),0)>0, IFERROR(ROUND(AF15,8),0)>0), "Group 6: Flaky | Passed (with var CV > 0) AND Failed (with var CV > 0) | Equal Means", IF(AND(IFERROR(ROUND(AC15,8),0)=0, IFERROR(ROUND(AF15,8),0)>0), "Group 7: Flaky | Passed (no var CV = 0) AND Failed (with var CV > 0) | Equal Means", "Group 8: Flaky | Passed (with var CV > 0) AND Failed (no var CV = 0) | Equal Means")))), "Invalid"))) -> Group 10: Only Passed | With variation (with var CV > 0) | AH15: 100 | AI15: 0 | AJ15: =IF(AND(AH15>0, AI15>0), "Observed Flaky Test", "Non-observed Flaky Test") -> Non-observed Flaky Test | AK15: 2811610.2 | AL15: 67.250111 | AM15: =IFERROR(AL15/AK15*100,"N/A") -> 0.0023918718 | AN15: 0 | AO15: 0 | AP15: =IFERROR(AO15/AN15*100,"N/A") -> N/A | AQ15: =IF(AND(AH15>0, AI15>0), IF(ROUND(N(AK15),5)<>ROUND(N(AN15),5), IF(AND(ROUND(N(AL15),8)=0, ROUND(N(AO15),8)=0), "Group 1: Flaky | Passed (no variation: SD = 0) AND Failed (no variation: SD = 0) | Different Means", IF(AND(ROUND(N(AL15),8)>0, ROUND(N(AO15),8)>0), "Group 2: Flaky | Passed (with variation: SD > 0) AND Failed (with variation: SD > 0) | Different Means", IF(AND(ROUND(N(AL15),8)=0, ROUND(N(AO15),8)>0), "Group 3: Flaky | Passed (no variation: SD = 0) AND Failed (with variation: SD > 0) | Different Means", "Group 4: Flaky | Passed (with variation: SD > 0) AND Failed (no variation: SD = 0) | Different Means"))), IF(AND(ROUND(N(AL15),8)=0, ROUND(N(AO15),8)=0), "Group 5: Flaky | Passed (no var SD = 0) AND Failed (no var SD = 0) | Equal Means", IF(AND(ROUND(N(AL15),8)>0, ROUND(N(AO15),8)>0), "Group 6: Flaky | Passed (with var SD > 0 ) AND Failed (with var SD > 0) | Equal Means", IF(AND(ROUND(N(AL15),8)=0, ROUND(N(AO15),8)>0), "Group 7: Flaky | Passed (no var SD = 0) AND Failed (with var SD > 0) | Equal Means", "Group 8: Flaky | Passed (with var SD > 0 ) AND Failed (no var SD = 0) | Equal Means"))) ), IF(AH15>0, IF(N(AL15)>0, "Group 10: Only Passed | With variation (with var SD > 0)", "Group 9: Only Passed | Without variation (no var SD = 0)"), IF(AI15>0, IF(N(AO15)>0, "Group 12: Only Failed | With variation (with var SD > 0)", "Group 11: Only Failed | Without variation (no var SD = 0)"), "Invalid: No Executions (Y=0, Z=0)" ) ) ) -> Group 10: Only Passed | With variation (with var SD > 0) | AR15: =IF(OR(F15="Observed Flaky Test", I15="Observed Flaky Test", S15="Observed Flaky Test", AJ15="Observed Flaky Test"), "Observed Flaky Test", "Non-observed Flaky Test") -> Non-observed Flaky Test
B16: test_core.py::CliTests::test_cli_resetdb | C16: de0d9d40554be20cb9cb469d276bce07acc424f28f79dc396811db750d481895 | D16: 100 | E16: 0 | F16: =IF(AND(D16>0, E16>0), "Observed Flaky Test", "Non-observed Flaky Test") -> Non-observed Flaky Test | G16: 100 | H16: 0 | I16: =IF(AND(G16>0, H16>0), "Observed Flaky Test", "Non-observed Flaky Test") -> Non-observed Flaky Test | J16: 8.5302 | K16: 0.00199 | L16: =IFERROR(K16/J16*100,"N/A") -> 0.023328879 | M16: 0 | N16: 0 | O16: =IFERROR(N16/M16*100,"N/A") -> N/A | P16: =IF(AND(G16>0, H16=0), IF(ROUND(K16,8)=0, "Group 9: Only Passed | Without variation (SD Passed = 0)", "Group 10: Only Passed | With variation (SD Passed > 0)"), IF(AND(G16=0, H16>0), IF(ROUND(N16,8)=0, "Group 11: Only Failed | Without variation (SD Failed = 0)", "Group 12: Only Failed | With variation (SD Failed > 0)"), IF(AND(G16>0, H16>0), IF(ROUND(J16,5)<>ROUND(M16,5), IF(AND(ROUND(K16,8)=0, ROUND(N16,8)=0), "Group 1: Flaky | Passed (no variation) AND Failed (no variation) | Different Means", IF(AND(ROUND(K16,8)>0, ROUND(N16,8)>0), "Group 2: Flaky | Passed (with variation) AND Failed (with variation) | Different Means", IF(AND(ROUND(K16,8)=0, ROUND(N16,8)>0), "Group 3: Flaky | Passed (no variation) AND Failed (with variation) | Different Means", "Group 4: Flaky | Passed (with variation) AND Failed (no variation) | Different Means"))), IF(AND(ROUND(K16,8)=0, ROUND(N16,8)=0), "Group 5: Flaky | Passed (no variation) AND Failed (no variation) | Equal Means", IF(AND(ROUND(K16,8)>0, ROUND(N16,8)>0), "Group 6: Flaky | Passed (with variation) AND Failed (with variation) | Equal Means", IF(AND(ROUND(K16,8)=0, ROUND(N16,8)>0), "Group 7: Flaky | Passed (no variation) AND Failed (with variation) | Equal Means", "Group 8: Flaky | Passed (with variation) AND Failed (no variation) | Equal Means")))), "Invalid"))) -> Group 10: Only Passed | With variation (SD Passed > 0) | Q16: 100 | R16: 0 | S16: =IF(AND(Q16>0, R16>0), "Observed Flaky Test", "Non-observed Flaky Test") -> Non-observed Flaky Test | T16: 4270262.4 | U16: 142.8868 | V16: =IFERROR(U16/T16*100,"N/A") -> 0.0033460894 | W16: 0 | X16: 0 | Y16: =IFERROR(X16/W16*100,"N/A") -> N/A | Z16: =IF(AND(Q16>0, R16=0), IF(IFERROR(ROUND(V16,8),0)=0, "Group 9: Only Passed | Without variation (no var CV = 0)", "Group 10: Only Passed | With variation (with var CV > 0)"), IF(AND(Q16=0, R16>0), IF(IFERROR(ROUND(Y16,8),0)=0, "Group 11: Only Failed | Without variation (no var CV = 0)", "Group 12: Only Failed | With variation (with var CV > 0)"), IF(AND(Q16>0, R16>0), IF(ROUND(T16,5)<>ROUND(W16,5), IF(AND(IFERROR(ROUND(V16,8),0)=0, IFERROR(ROUND(Y16,8),0)=0), "Group 1: Flaky | Passed (no variation: CV = 0) AND Failed (no variation: CV = 0) | Different Means", IF(AND(IFERROR(ROUND(V16,8),0)>0, IFERROR(ROUND(Y16,8),0)>0), "Group 2: Flaky | Passed (with variation: CV > 0) AND Failed (with variation: CV > 0) | Different Means", IF(AND(IFERROR(ROUND(V16,8),0)=0, IFERROR(ROUND(Y16,8),0)>0), "Group 3: Flaky | Passed (no variation: CV = 0) AND Failed (with variation: CV > 0) | Different Means", "Group 4: Flaky | Passed (with variation: CV > 0) AND Failed (no variation: CV = 0) | Different Means"))), IF(AND(IFERROR(ROUND(V16,8),0)=0, IFERROR(ROUND(Y16,8),0)=0), "Group 5: Flaky | Passed (no var CV = 0) AND Failed (no var CV = 0) | Equal Means", IF(AND(IFERROR(ROUND(V16,8),0)>0, IFERROR(ROUND(Y16,8),0)>0), "Group 6: Flaky | Passed (with var CV > 0) AND Failed (with var CV > 0) | Equal Means", IF(AND(IFERROR(ROUND(V16,8),0)=0, IFERROR(ROUND(Y16,8),0)>0), "Group 7: Flaky | Passed (no var CV = 0) AND Failed (with var CV > 0) | Equal Means", "Group 8: Flaky | Passed (with var CV > 0) AND Failed (no var CV = 0) | Equal Means")))), "Invalid"))) -> Group 10: Only Passed | With variation (with var CV > 0) | AA16: 2.427469 | AB16: 0.357565 | AC16: =IFERROR(AB16/AA16*100,"N/A") -> 14.729951 | AD16: 0 | AE16: 0 | AF16: =IFERROR(AE16/AD16*100,"N/A") -> N/A | AG16: =IF(AND(Q16>0, R16=0), IF(IFERROR(ROUND(AC16,8),0)=0, "Group 9: Only Passed | Without variation (no var CV = 0)", "Group 10: Only Passed | With variation (with var CV > 0)"), IF(AND(Q16=0, R16>0), IF(IFERROR(ROUND(AF16,8),0)=0, "Group 11: Only Failed | Without variation (no var CV = 0)", "Group 12: Only Failed | With variation (with var CV > 0)"), IF(AND(Q16>0, R16>0), IF(ROUND(AA16,5)<>ROUND(AD16,5), IF(AND(IFERROR(ROUND(AC16,8),0)=0, IFERROR(ROUND(AF16,8),0)=0), "Group 1: Flaky | Passed (no variation: CV = 0) AND Failed (no variation: CV = 0) | Different Means", IF(AND(IFERROR(ROUND(AC16,8),0)>0, IFERROR(ROUND(AF16,8),0)>0), "Group 2: Flaky | Passed (with variation: CV > 0) AND Failed (with variation: CV > 0) | Different Means", IF(AND(IFERROR(ROUND(AC16,8),0)=0, IFERROR(ROUND(AF16,8),0)>0), "Group 3: Flaky | Passed (no variation: CV = 0) AND Failed (with variation: CV > 0) | Different Means", "Group 4: Flaky | Passed (with variation: CV > 0) AND Failed (no variation: CV = 0) | Different Means"))), IF(AND(IFERROR(ROUND(AC16,8),0)=0, IFERROR(ROUND(AF16,8),0)=0), "Group 5: Flaky | Passed (no var CV = 0) AND Failed (no var CV = 0) | Equal Means", IF(AND(IFERROR(ROUND(AC16,8),0)>0, IFERROR(ROUND(AF16,8),0)>0), "Group 6: Flaky | Passed (with var CV > 0) AND Failed (with var CV > 0) | Equal Means", IF(AND(IFERROR(ROUND(AC16,8),0)=0, IFERROR(ROUND(AF16,8),0)>0), "Group 7: Flaky | Passed (no var CV = 0) AND Failed (with var CV > 0) | Equal Means", "Group 8: Flaky | Passed (with var CV > 0) AND Failed (no var CV = 0) | Equal Means")))), "Invalid"))) -> Group 10: Only Passed | With variation (with var CV > 0) | AH16: 100 | AI16: 0 | AJ16: =IF(AND(AH16>0, AI16>0), "Observed Flaky Test", "Non-observed Flaky Test") -> Non-observed Flaky Test | AK16: 2789979.3 | AL16: 82.445557 | AM16: =IFERROR(AL16/AK16*100,"N/A") -> 0.0029550598 | AN16: 0 | AO16: 0 | AP16: =IFERROR(AO16/AN16*100,"N/A") -> N/A | AQ16: =IF(AND(AH16>0, AI16>0), IF(ROUND(N(AK16),5)<>ROUND(N(AN16),5), IF(AND(ROUND(N(AL16),8)=0, ROUND(N(AO16),8)=0), "Group 1: Flaky | Passed (no variation: SD = 0) AND Failed (no variation: SD = 0) | Different Means", IF(AND(ROUND(N(AL16),8)>0, ROUND(N(AO16),8)>0), "Group 2: Flaky | Passed (with variation: SD > 0) AND Failed (with variation: SD > 0) | Different Means", IF(AND(ROUND(N(AL16),8)=0, ROUND(N(AO16),8)>0), "Group 3: Flaky | Passed (no variation: SD = 0) AND Failed (with variation: SD > 0) | Different Means", "Group 4: Flaky | Passed (with variation: SD > 0) AND Failed (no variation: SD = 0) | Different Means"))), IF(AND(ROUND(N(AL16),8)=0, ROUND(N(AO16),8)=0), "Group 5: Flaky | Passed (no var SD = 0) AND Failed (no var SD = 0) | Equal Means", IF(AND(ROUND(N(AL16),8)>0, ROUND(N(AO16),8)>0), "Group 6: Flaky | Passed (with var SD > 0 ) AND Failed (with var SD > 0) | Equal Means", IF(AND(ROUND(N(AL16),8)=0, ROUND(N(AO16),8)>0), "Group 7: Flaky | Passed (no var SD = 0) AND Failed (with var SD > 0) | Equal Means", "Group 8: Flaky | Passed (with var SD > 0 ) AND Failed (no var SD = 0) | Equal Means"))) ), IF(AH16>0, IF(N(AL16)>0, "Group 10: Only Passed | With variation (with var SD > 0)", "Group 9: Only Passed | Without variation (no var SD = 0)"), IF(AI16>0, IF(N(AO16)>0, "Group 12: Only Failed | With variation (with var SD > 0)", "Group 11: Only Failed | Without variation (no var SD = 0)"), "Invalid: No Executions (Y=0, Z=0)" ) ) ) -> Group 10: Only Passed | With variation (with var SD > 0) | AR16: =IF(OR(F16="Observed Flaky Test", I16="Observed Flaky Test", S16="Observed Flaky Test", AJ16="Observed Flaky Test"), "Observed Flaky Test", "Non-observed Flaky Test") -> Non-observed Flaky Test
... B69: test_standard_task_runner.py::TestStandardTaskRunner::test_on_kill | C69: d80662c3a2473e5f7c66bbd09e3ffd00ab02000e2f6a9ced7478c9104418ea6d | D69: 100 | E69: 0 | F69: =IF(AND(D69>0, E69>0), "Observed Flaky Test", "Non-observed Flaky Test") -> Non-observed Flaky Test | G69: 99 | H69: 1 | I69: =IF(AND(G69>0, H69>0), "Observed Flaky Test", "Non-observed Flaky Test") -> Observed Flaky Test | J69: 6.81 | K69: 0 | L69: =IFERROR(K69/J69*100,"N/A") -> 0 | M69: 6.61 | N69: 0 | O69: =IFERROR(N69/M69*100,"N/A") -> 0 | P69: =IF(AND(G69>0, H69=0), IF(ROUND(K69,8)=0, "Group 9: Only Passed | Without variation (SD Passed = 0)", "Group 10: Only Passed | With variation (SD Passed > 0)"), IF(AND(G69=0, H69>0), IF(ROUND(N69,8)=0, "Group 11: Only Failed | Without variation (SD Failed = 0)", "Group 12: Only Failed | With variation (SD Failed > 0)"), IF(AND(G69>0, H69>0), IF(ROUND(J69,5)<>ROUND(M69,5), IF(AND(ROUND(K69,8)=0, ROUND(N69,8)=0), "Group 1: Flaky | Passed (no variation) AND Failed (no variation) | Different Means", IF(AND(ROUND(K69,8)>0, ROUND(N69,8)>0), "Group 2: Flaky | Passed (with variation) AND Failed (with variation) | Different Means", IF(AND(ROUND(K69,8)=0, ROUND(N69,8)>0), "Group 3: Flaky | Passed (no variation) AND Failed (with variation) | Different Means", "Group 4: Flaky | Passed (with variation) AND Failed (no variation) | Different Means"))), IF(AND(ROUND(K69,8)=0, ROUND(N69,8)=0), "Group 5: Flaky | Passed (no variation) AND Failed (no variation) | Equal Means", IF(AND(ROUND(K69,8)>0, ROUND(N69,8)>0), "Group 6: Flaky | Passed (with variation) AND Failed (with variation) | Equal Means", IF(AND(ROUND(K69,8)=0, ROUND(N69,8)>0), "Group 7: Flaky | Passed (no variation) AND Failed (with variation) | Equal Means", "Group 8: Flaky | Passed (with variation) AND Failed (no variation) | Equal Means")))), "Invalid"))) -> Group 1: Flaky | Passed (no variation) AND Failed (no variation) | Different Means | Q69: 99 | R69: 1 | S69: =IF(AND(Q69>0, R69>0), "Observed Flaky Test", "Non-observed Flaky Test") -> Observed Flaky Test | T69: 2352542.8 | U69: 182.39279 | V69: =IFERROR(U69/T69*100,"N/A") -> 0.0077530061 | W69: 3032534 | X69: 0 | Y69: =IFERROR(X69/W69*100,"N/A") -> 0 | Z69: =IF(AND(Q69>0, R69=0), IF(IFERROR(ROUND(V69,8),0)=0, "Group 9: Only Passed | Without variation (no var CV = 0)", "Group 10: Only Passed | With variation (with var CV > 0)"), IF(AND(Q69=0, R69>0), IF(IFERROR(ROUND(Y69,8),0)=0, "Group 11: Only Failed | Without variation (no var CV = 0)", "Group 12: Only Failed | With variation (with var CV > 0)"), IF(AND(Q69>0, R69>0), IF(ROUND(T69,5)<>ROUND(W69,5), IF(AND(IFERROR(ROUND(V69,8),0)=0, IFERROR(ROUND(Y69,8),0)=0), "Group 1: Flaky | Passed (no variation: CV = 0) AND Failed (no variation: CV = 0) | Different Means", IF(AND(IFERROR(ROUND(V69,8),0)>0, IFERROR(ROUND(Y69,8),0)>0), "Group 2: Flaky | Passed (with variation: CV > 0) AND Failed (with variation: CV > 0) | Different Means", IF(AND(IFERROR(ROUND(V69,8),0)=0, IFERROR(ROUND(Y69,8),0)>0), "Group 3: Flaky | Passed (no variation: CV = 0) AND Failed (with variation: CV > 0) | Different Means", "Group 4: Flaky | Passed (with variation: CV > 0) AND Failed (no variation: CV = 0) | Different Means"))), IF(AND(IFERROR(ROUND(V69,8),0)=0, IFERROR(ROUND(Y69,8),0)=0), "Group 5: Flaky | Passed (no var CV = 0) AND Failed (no var CV = 0) | Equal Means", IF(AND(IFERROR(ROUND(V69,8),0)>0, IFERROR(ROUND(Y69,8),0)>0), "Group 6: Flaky | Passed (with var CV > 0) AND Failed (with var CV > 0) | Equal Means", IF(AND(IFERROR(ROUND(V69,8),0)=0, IFERROR(ROUND(Y69,8),0)>0), "Group 7: Flaky | Passed (no var CV = 0) AND Failed (with var CV > 0) | Equal Means", "Group 8: Flaky | Passed (with var CV > 0) AND Failed (no var CV = 0) | Equal Means")))), "Invalid"))) -> Group 4: Flaky | Passed (with variation: CV > 0) AND Failed (no variation: CV = 0) | Different Means | AA69: 7.505452 | AB69: 0.218308 | AC69: =IFERROR(AB69/AA69*100,"N/A") -> 2.9086589 | AD69: 1.669008 | AE69: 0 | AF69: =IFERROR(AE69/AD69*100,"N/A") -> 0 | AG69: =IF(AND(Q69>0, R69=0), IF(IFERROR(ROUND(AC69,8),0)=0, "Group 9: Only Passed | Without variation (no var CV = 0)", "Group 10: Only Passed | With variation (with var CV > 0)"), IF(AND(Q69=0, R69>0), IF(IFERROR(ROUND(AF69,8),0)=0, "Group 11: Only Failed | Without variation (no var CV = 0)", "Group 12: Only Failed | With variation (with var CV > 0)"), IF(AND(Q69>0, R69>0), IF(ROUND(AA69,5)<>ROUND(AD69,5), IF(AND(IFERROR(ROUND(AC69,8),0)=0, IFERROR(ROUND(AF69,8),0)=0), "Group 1: Flaky | Passed (no variation: CV = 0) AND Failed (no variation: CV = 0) | Different Means", IF(AND(IFERROR(ROUND(AC69,8),0)>0, IFERROR(ROUND(AF69,8),0)>0), "Group 2: Flaky | Passed (with variation: CV > 0) AND Failed (with variation: CV > 0) | Different Means", IF(AND(IFERROR(ROUND(AC69,8),0)=0, IFERROR(ROUND(AF69,8),0)>0), "Group 3: Flaky | Passed (no variation: CV = 0) AND Failed (with variation: CV > 0) | Different Means", "Group 4: Flaky | Passed (with variation: CV > 0) AND Failed (no variation: CV = 0) | Different Means"))), IF(AND(IFERROR(ROUND(AC69,8),0)=0, IFERROR(ROUND(AF69,8),0)=0), "Group 5: Flaky | Passed (no var CV = 0) AND Failed (no var CV = 0) | Equal Means", IF(AND(IFERROR(ROUND(AC69,8),0)>0, IFERROR(ROUND(AF69,8),0)>0), "Group 6: Flaky | Passed (with var CV > 0) AND Failed (with var CV > 0) | Equal Means", IF(AND(IFERROR(ROUND(AC69,8),0)=0, IFERROR(ROUND(AF69,8),0)>0), "Group 7: Flaky | Passed (no var CV = 0) AND Failed (with var CV > 0) | Equal Means", "Group 8: Flaky | Passed (with var CV > 0) AND Failed (no var CV = 0) | Equal Means")))), "Invalid"))) -> Group 4: Flaky | Passed (with variation: CV > 0) AND Failed (no variation: CV = 0) | Different Means | AH69: 99 | AI69: 1 | AJ69: =IF(AND(AH69>0, AI69>0), "Observed Flaky Test", "Non-observed Flaky Test") -> Observed Flaky Test | AK69: 914642.29 | AL69: 3586.3025 | AM69: =IFERROR(AL69/AK69*100,"N/A") -> 0.39209892 | AN69: 451359 | AO69: 0 | AP69: =IFERROR(AO69/AN69*100,"N/A") -> 0 | AQ69: =IF(AND(AH69>0, AI69>0), IF(ROUND(N(AK69),5)<>ROUND(N(AN69),5), IF(AND(ROUND(N(AL69),8)=0, ROUND(N(AO69),8)=0), "Group 1: Flaky | Passed (no variation: SD = 0) AND Failed (no variation: SD = 0) | Different Means", IF(AND(ROUND(N(AL69),8)>0, ROUND(N(AO69),8)>0), "Group 2: Flaky | Passed (with variation: SD > 0) AND Failed (with variation: SD > 0) | Different Means", IF(AND(ROUND(N(AL69),8)=0, ROUND(N(AO69),8)>0), "Group 3: Flaky | Passed (no variation: SD = 0) AND Failed (with variation: SD > 0) | Different Means", "Group 4: Flaky | Passed (with variation: SD > 0) AND Failed (no variation: SD = 0) | Different Means"))), IF(AND(ROUND(N(AL69),8)=0, ROUND(N(AO69),8)=0), "Group 5: Flaky | Passed (no var SD = 0) AND Failed (no var SD = 0) | Equal Means", IF(AND(ROUND(N(AL69),8)>0, ROUND(N(AO69),8)>0), "Group 6: Flaky | Passed (with var SD > 0 ) AND Failed (with var SD > 0) | Equal Means", IF(AND(ROUND(N(AL69),8)=0, ROUND(N(AO69),8)>0), "Group 7: Flaky | Passed (no var SD = 0) AND Failed (with var SD > 0) | Equal Means", "Group 8: Flaky | Passed (with var SD > 0 ) AND Failed (no var SD = 0) | Equal Means"))) ), IF(AH69>0, IF(N(AL69)>0, "Group 10: Only Passed | With variation (with var SD > 0)", "Group 9: Only Passed | Without variation (no var SD = 0)"), IF(AI69>0, IF(N(AO69)>0, "Group 12: Only Failed | With variation (with var SD > 0)", "Group 11: Only Failed | Without variation (no var SD = 0)"), "Invalid: No Executions (Y=0, Z=0)" ) ) ) -> Group 4: Flaky | Passed (with variation: SD > 0) AND Failed (no variation: SD = 0) | Different Means | AR69: =IF(OR(F69="Observed Flaky Test", I69="Observed Flaky Test", S69="Observed Flaky Test", AJ69="Observed Flaky Test"), "Observed Flaky Test", "Non-observed Flaky Test") -> Observed Flaky Test
A70: Flexget | B70: test_urlrewriting.py::TestURLRewriters::test_rutracker | C70: bf956bc08bd3aee28d0c366c1f568ea1355263fd4339d3a531f4f59824e2406f | D70: 0 | E70: 100 | F70: =IF(AND(D70>0, E70>0), "Observed Flaky Test", "Non-observed Flaky Test") -> Non-observed Flaky Test | G70: 0 | H70: 100 | I70: =IF(AND(G70>0, H70>0), "Observed Flaky Test", "Non-observed Flaky Test") -> Non-observed Flaky Test | J70: 0 | K70: 0 | L70: =IFERROR(K70/J70*100,"N/A") -> N/A | M70: 34.12 | N70: 0 | O70: =IFERROR(N70/M70*100,"N/A") -> 0 | P70: =IF(AND(G70>0, H70=0), IF(ROUND(K70,8)=0, "Group 9: Only Passed | Without variation (SD Passed = 0)", "Group 10: Only Passed | With variation (SD Passed > 0)"), IF(AND(G70=0, H70>0), IF(ROUND(N70,8)=0, "Group 11: Only Failed | Without variation (SD Failed = 0)", "Group 12: Only Failed | With variation (SD Failed > 0)"), IF(AND(G70>0, H70>0), IF(ROUND(J70,5)<>ROUND(M70,5), IF(AND(ROUND(K70,8)=0, ROUND(N70,8)=0), "Group 1: Flaky | Passed (no variation) AND Failed (no variation) | Different Means", IF(AND(ROUND(K70,8)>0, ROUND(N70,8)>0), "Group 2: Flaky | Passed (with variation) AND Failed (with variation) | Different Means", IF(AND(ROUND(K70,8)=0, ROUND(N70,8)>0), "Group 3: Flaky | Passed (no variation) AND Failed (with variation) | Different Means", "Group 4: Flaky | Passed (with variation) AND Failed (no variation) | Different Means"))), IF(AND(ROUND(K70,8)=0, ROUND(N70,8)=0), "Group 5: Flaky | Passed (no variation) AND Failed (no variation) | Equal Means", IF(AND(ROUND(K70,8)>0, ROUND(N70,8)>0), "Group 6: Flaky | Passed (with variation) AND Failed (with variation) | Equal Means", IF(AND(ROUND(K70,8)=0, ROUND(N70,8)>0), "Group 7: Flaky | Passed (no variation) AND Failed (with variation) | Equal Means", "Group 8: Flaky | Passed (with variation) AND Failed (no variation) | Equal Means")))), "Invalid"))) -> Group 11: Only Failed | Without variation (SD Failed = 0) | Q70: 0 | R70: 100 | S70: =IF(AND(Q70>0, R70>0), "Observed Flaky Test", "Non-observed Flaky Test") -> Non-observed Flaky Test | T70: 0 | U70: 0 | V70: =IFERROR(U70/T70*100,"N/A") -> N/A | W70: 5038071.1 | X70: 64.112669 | Y70: =IFERROR(X70/W70*100,"N/A") -> 0.0012725638 | Z70: =IF(AND(Q70>0, R70=0), IF(IFERROR(ROUND(V70,8),0)=0, "Group 9: Only Passed | Without variation (no var CV = 0)", "Group 10: Only Passed | With variation (with var CV > 0)"), IF(AND(Q70=0, R70>0), IF(IFERROR(ROUND(Y70,8),0)=0, "Group 11: Only Failed | Without variation (no var CV = 0)", "Group 12: Only Failed | With variation (with var CV > 0)"), IF(AND(Q70>0, R70>0), IF(ROUND(T70,5)<>ROUND(W70,5), IF(AND(IFERROR(ROUND(V70,8),0)=0, IFERROR(ROUND(Y70,8),0)=0), "Group 1: Flaky | Passed (no variation: CV = 0) AND Failed (no variation: CV = 0) | Different Means", IF(AND(IFERROR(ROUND(V70,8),0)>0, IFERROR(ROUND(Y70,8),0)>0), "Group 2: Flaky | Passed (with variation: CV > 0) AND Failed (with variation: CV > 0) | Different Means", IF(AND(IFERROR(ROUND(V70,8),0)=0, IFERROR(ROUND(Y70,8),0)>0), "Group 3: Flaky | Passed (no variation: CV = 0) AND Failed (with variation: CV > 0) | Different Means", "Group 4: Flaky | Passed (with variation: CV > 0) AND Failed (no variation: CV = 0) | Different Means"))), IF(AND(IFERROR(ROUND(V70,8),0)=0, IFERROR(ROUND(Y70,8),0)=0), "Group 5: Flaky | Passed (no var CV = 0) AND Failed (no var CV = 0) | Equal Means", IF(AND(IFERROR(ROUND(V70,8),0)>0, IFERROR(ROUND(Y70,8),0)>0), "Group 6: Flaky | Passed (with var CV > 0) AND Failed (with var CV > 0) | Equal Means", IF(AND(IFERROR(ROUND(V70,8),0)=0, IFERROR(ROUND(Y70,8),0)>0), "Group 7: Flaky | Passed (no var CV = 0) AND Failed (with var CV > 0) | Equal Means", "Group 8: Flaky | Passed (with var CV > 0) AND Failed (no var CV = 0) | Equal Means")))), "Invalid"))) -> Group 12: Only Failed | With variation (with var CV > 0) | AA70: 0 | AB70: 0 | AC70: =IFERROR(AB70/AA70*100,"N/A") -> N/A | AD70: 2.992036 | AE70: 0.314003 | AF70: =IFERROR(AE70/AD70*100,"N/A") -> 10.494626 | AG70: =IF(AND(Q70>0, R70=0), IF(IFERROR(ROUND(AC70,8),0)=0, "Group 9: Only Passed | Without variation (no var CV = 0)", "Group 10: Only Passed | With variation (with var CV > 0)"), IF(AND(Q70=0, R70>0), IF(IFERROR(ROUND(AF70,8),0)=0, "Group 11: Only Failed | Without variation (no var CV = 0)", "Group 12: Only Failed | With variation (with var CV > 0)"), IF(AND(Q70>0, R70>0), IF(ROUND(AA70,5)<>ROUND(AD70,5), IF(AND(IFERROR(ROUND(AC70,8),0)=0, IFERROR(ROUND(AF70,8),0)=0), "Group 1: Flaky | Passed (no variation: CV = 0) AND Failed (no variation: CV = 0) | Different Means", IF(AND(IFERROR(ROUND(AC70,8),0)>0, IFERROR(ROUND(AF70,8),0)>0), "Group 2: Flaky | Passed (with variation: CV > 0) AND Failed (with variation: CV > 0) | Different Means", IF(AND(IFERROR(ROUND(AC70,8),0)=0, IFERROR(ROUND(AF70,8),0)>0), "Group 3: Flaky | Passed (no variation: CV = 0) AND Failed (with variation: CV > 0) | Different Means", "Group 4: Flaky | Passed (with variation: CV > 0) AND Failed (no variation: CV = 0) | Different Means"))), IF(AND(IFERROR(ROUND(AC70,8),0)=0, IFERROR(ROUND(AF70,8),0)=0), "Group 5: Flaky | Passed (no var CV = 0) AND Failed (no var CV = 0) | Equal Means", IF(AND(IFERROR(ROUND(AC70,8),0)>0, IFERROR(ROUND(AF70,8),0)>0), "Group 6: Flaky | Passed (with var CV > 0) AND Failed (with var CV > 0) | Equal Means", IF(AND(IFERROR(ROUND(AC70,8),0)=0, IFERROR(ROUND(AF70,8),0)>0), "Group 7: Flaky | Passed (no var CV = 0) AND Failed (with var CV > 0) | Equal Means", "Group 8: Flaky | Passed (with var CV > 0) AND Failed (no var CV = 0) | Equal Means")))), "Invalid"))) -> Group 12: Only Failed | With variation (with var CV > 0) | AH70: 0 | AI70: 100 | AJ70: =IF(AND(AH70>0, AI70>0), "Observed Flaky Test", "Non-observed Flaky Test") -> Non-observed Flaky Test | AK70: 0 | AL70: 0 | AM70: =IFERROR(AL70/AK70*100,"N/A") -> N/A | AN70: 18611 | AO70: 0 | AP70: =IFERROR(AO70/AN70*100,"N/A") -> 0 | AQ70: =IF(AND(AH70>0, AI70>0), IF(ROUND(N(AK70),5)<>ROUND(N(AN70),5), IF(AND(ROUND(N(AL70),8)=0, ROUND(N(AO70),8)=0), "Group 1: Flaky | Passed (no variation: SD = 0) AND Failed (no variation: SD = 0) | Different Means", IF(AND(ROUND(N(AL70),8)>0, ROUND(N(AO70),8)>0), "Group 2: Flaky | Passed (with variation: SD > 0) AND Failed (with variation: SD > 0) | Different Means", IF(AND(ROUND(N(AL70),8)=0, ROUND(N(AO70),8)>0), "Group 3: Flaky | Passed (no variation: SD = 0) AND Failed (with variation: SD > 0) | Different Means", "Group 4: Flaky | Passed (with variation: SD > 0) AND Failed (no variation: SD = 0) | Different Means"))), IF(AND(ROUND(N(AL70),8)=0, ROUND(N(AO70),8)=0), "Group 5: Flaky | Passed (no var SD = 0) AND Failed (no var SD = 0) | Equal Means", IF(AND(ROUND(N(AL70),8)>0, ROUND(N(AO70),8)>0), "Group 6: Flaky | Passed (with var SD > 0 ) AND Failed (with var SD > 0) | Equal Means", IF(AND(ROUND(N(AL70),8)=0, ROUND(N(AO70),8)>0), "Group 7: Flaky | Passed (no var SD = 0) AND Failed (with var SD > 0) | Equal Means", "Group 8: Flaky | Passed (with var SD > 0 ) AND Failed (no var SD = 0) | Equal Means"))) ), IF(AH70>0, IF(N(AL70)>0, "Group 10: Only Passed | With variation (with var SD > 0)", "Group 9: Only Passed | Without variation (no var SD = 0)"), IF(AI70>0, IF(N(AO70)>0, "Group 12: Only Failed | With variation (with var SD > 0)", "Group 11: Only Failed | Without variation (no var SD = 0)"), "Invalid: No Executions (Y=0, Z=0)" ) ) ) -> Group 11: Only Failed | Without variation (no var SD = 0) | AR70: =IF(OR(F70="Observed Flaky Test", I70="Observed Flaky Test", S70="Observed Flaky Test", AJ70="Observed Flaky Test"), "Observed Flaky Test", "Non-observed Flaky Test") -> Non-observed Flaky Test
A71: fonttools | B71: loggingTools_test.py::TimerTest::test_split | C71: 6babdfcdf562e71258476a84f191376da1c22158f0bf100b6b30d0396af4950f6 | D71: 100 | E71: 0 | F71: =IF(AND(D71>0, E71>0), "Observed Flaky Test", "Non-observed Flaky Test") -> Non-observed Flaky Test | G71: 100 | H71: 0 | I71: =IF(AND(G71>0, H71>0), "Observed Flaky Test", "Non-observed Flaky Test") -> Non-observed Flaky Test | J71: 18.92 | K71: 0 | L71: =IFERROR(K71/J71*100,"N/A") -> 0 | M71: 0 | N71: 0 | O71: =IFERROR(N71/M71*100,"N/A") -> N/A | P71: =IF(AND(G71>0, H71=0), IF(ROUND(K71,8)=0, "Group 9: Only Passed | Without variation (SD Passed = 0)", "Group 10: Only Passed | With variation (SD Passed > 0)"), IF(AND(G71=0, H71>0), IF(ROUND(N71,8)=0, "Group 11: Only Failed | Without variation (SD Failed = 0)", "Group 12: Only Failed | With variation (SD Failed > 0)"), IF(AND(G71>0, H71>0), IF(ROUND(J71,5)<>ROUND(M71,5), IF(AND(ROUND(K71,8)=0, ROUND(N71,8)=0), "Group 1: Flaky | Passed (no variation) AND Failed (no variation) | Different Means", IF(AND(ROUND(K71,8)>0, ROUND(N71,8)>0), "Group 2: Flaky | Passed (with variation) AND Failed (with variation) | Different Means", IF(AND(ROUND(K71,8)=0, ROUND(N71,8)>0), "Group 3: Flaky | Passed (no variation) AND Failed (with variation) | Different Means", "Group 4: Flaky | Passed (with variation) AND Failed (no variation) | Different Means"))), IF(AND(ROUND(K71,8)=0, ROUND(N71,8)=0), "Group 5: Flaky | Passed (no variation) AND Failed (no variation) | Equal Means", IF(AND(ROUND(K71,8)>0, ROUND(N71,8)>0), "Group 6: Flaky | Passed (with variation) AND Failed (with variation) | Equal Means", IF(AND(ROUND(K71,8)=0, ROUND(N71,8)>0), "Group 7: Flaky | Passed (no variation) AND Failed (with variation) | Equal Means", "Group 8: Flaky | Passed (with variation) AND Failed (no variation) | Equal Means")))), "Invalid"))) -> Group 9: Only Passed | Without variation (SD Passed = 0) | Q71: 100 | R71: 0 | S71: =IF(AND(Q71>0, R71>0), "Observed Flaky Test", "Non-observed Flaky Test") -> Non-observed Flaky Test | T71: 412281.6 | U71: 8.146388 | V71: =IFERROR(U71/T71*100,"N/A") -> 0.0019759281 | W71: 0 | X71: 0 | Y71: =IFERROR(X71/W71*100,"N/A") -> N/A | Z71: =IF(AND(Q71>0, R71=0), IF(IFERROR(ROUND(V71,8),0)=0, "Group 9: Only Passed | Without variation (no var CV = 0)", "Group 10: Only Passed | With variation (with var CV > 0)"), IF(AND(Q71=0, R71>0), IF(IFERROR(ROUND(Y71,8),0)=0, "Group 11: Only Failed | Without variation (no var CV = 0)", "Group 12: Only Failed | With variation (with var CV > 0)"), IF(AND(Q71>0, R71>0), IF(ROUND(T71,5)<>ROUND(W71,5), IF(AND(IFERROR(ROUND(V71,8),0)=0, IFERROR(ROUND(Y71,8),0)=0), "Group 1: Flaky | Passed (no variation: CV = 0) AND Failed (no variation: CV = 0) | Different Means", IF(AND(IFERROR(ROUND(V71,8),0)>0, IFERROR(ROUND(Y71,8),0)>0), "Group 2: Flaky | Passed (with variation: CV > 0) AND Failed (with variation: CV > 0) | Different Means", IF(AND(IFERROR(ROUND(V71,8),0)=0, IFERROR(ROUND(Y71,8),0)>0), "Group 3: Flaky | Passed (no variation: CV = 0) AND Failed (with variation: CV > 0) | Different Means", "Group 4: Flaky | Passed (with variation: CV > 0) AND Failed (no variation: CV = 0) | Different Means"))), IF(AND(IFERROR(ROUND(V71,8),0)=0, IFERROR(ROUND(Y71,8),0)=0), "Group 5: Flaky | Passed (no var CV = 0) AND Failed (no var CV = 0) | Equal Means", IF(AND(IFERROR(ROUND(V71,8),0)>0, IFERROR(ROUND(Y71,8),0)>0), "Group 6: Flaky | Passed (with var CV > 0) AND Failed (with var CV > 0) | Equal Means", IF(AND(IFERROR(ROUND(V71,8),0)=0, IFERROR(ROUND(Y71,8),0)>0), "Group 7: Flaky | Passed (no var CV = 0) AND Failed (with var CV > 0) | Equal Means", "Group 8: Flaky | Passed (with var CV > 0) AND Failed (no var CV = 0) | Equal Means")))), "Invalid"))) -> Group 10: Only Passed | With variation (with var CV > 0) | AA71: 0.464188 | AB71: 0.049643 | AC71: =IFERROR(AB71/AA71*100,"N/A") -> 10.694589 | AD71: 0 | AE71: 0 | AF71: =IFERROR(AE71/AD71*100,"N/A") -> N/A | AG71: =IF(AND(Q71>0, R71=0), IF(IFERROR(ROUND(AC71,8),0)=0, "Group 9: Only Passed | Without variation (no var CV = 0)", "Group 10: Only Passed | With variation (with var CV > 0)"), IF(AND(Q71=0, R71>0), IF(IFERROR(ROUND(AF71,8),0)=0, "Group 11: Only Failed | Without variation (no var CV = 0)", "Group 12: Only Failed | With variation (with var CV > 0)"), IF(AND(Q71>0, R71>0), IF(ROUND(AA71,5)<>ROUND(AD71,5), IF(AND(IFERROR(ROUND(AC71,8),0)=0, IFERROR(ROUND(AF71,8),0)=0), "Group 1: Flaky | Passed (no variation: CV = 0) AND Failed (no variation: CV = 0) | Different Means", IF(AND(IFERROR(ROUND(AC71,8),0)>0, IFERROR(ROUND(AF71,8),0)>0), "Group 2: Flaky | Passed (with variation: CV > 0) AND Failed (with variation: CV > 0) | Different Means", IF(AND(IFERROR(ROUND(AC71,8),0)=0, IFERROR(ROUND(AF71,8),0)>0), "Group 3: Flaky | Passed (no variation: CV = 0) AND Failed (with variation: CV > 0) | Different Means", "Group 4: Flaky | Passed (with variation: CV > 0) AND Failed (no variation: CV = 0) | Different Means"))), IF(AND(IFERROR(ROUND(AC71,8),0)=0, IFERROR(ROUND(AF71,8),0)=0), "Group 5: Flaky | Passed (no var CV = 0) AND Failed (no var CV = 0) | Equal Means", IF(AND(IFERROR(ROUND(AC71,8),0)>0, IFERROR(ROUND(AF71,8),0)>0), "Group 6: Flaky | Passed (with var CV > 0) AND Failed (with var CV > 0) | Equal Means", IF(AND(IFERROR(ROUND(AC71,8),0)=0, IFERROR(ROUND(AF71,8),0)>0), "Group 7: Flaky | Passed (no var CV = 0) AND Failed (with var CV > 0) | Equal Means", "Group 8: Flaky | Passed (with var CV > 0) AND Failed (no var CV = 0) | Equal Means")))), "Invalid"))) -> Group 10: Only Passed | With variation (with var CV > 0) | AH71: 100 | AI71: 0 | AJ71: =IF(AND(AH71>0, AI71>0), "Observed Flaky Test", "Non-observed Flaky Test") -> Non-observed Flaky Test | AK71: 943.64 | AL71: 0.611671 | AM71: =IFERROR(AL71/AK71*100,"N/A") -> 0.064820377 | AN71: 0 | AO71: 0 | AP71: =IFERROR(AO71/AN71*100,"N/A") -> N/A | AQ71: =IF(AND(AH71>0, AI71>0), IF(ROUND(N(AK71),5)<>ROUND(N(AN71),5), IF(AND(ROUND(N(AL71),8)=0, ROUND(N(AO71),8)=0), "Group 1: Flaky | Passed (no variation: SD = 0) AND Failed (no variation: SD = 0) | Different Means", IF(AND(ROUND(N(AL71),8)>0, ROUND(N(AO71),8)>0), "Group 2: Flaky | Passed (with variation: SD > 0) AND Failed (with variation: SD > 0) | Different Means", IF(AND(ROUND(N(AL71),8)=0, ROUND(N(AO71),8)>0), "Group 3: Flaky | Passed (no variation: SD = 0) AND Failed (with variation: SD > 0) | Different Means", "Group 4: Flaky | Passed (with variation: SD > 0) AND Failed (no variation: SD = 0) | Different Means"))), IF(AND(ROUND(N(AL71),8)=0, ROUND(N(AO71),8)=0), "Group 5: Flaky | Passed (no var SD = 0) AND Failed (no var SD = 0) | Equal Means", IF(AND(ROUND(N(AL71),8)>0, ROUND(N(AO71),8)>0), "Group 6: Flaky | Passed (with var SD > 0 ) AND Failed (with var SD > 0) | Equal Means", IF(AND(ROUND(N(AL71),8)=0, ROUND(N(AO71),8)>0), "Group 7: Flaky | Passed (no var SD = 0) AND Failed (with var SD > 0) | Equal Means", "Group 8: Flaky | Passed (with var SD > 0 ) AND Failed (no var SD = 0) | Equal Means"))) ), IF(AH71>0, IF(N(AL71)>0, "Group 10: Only Passed | With variation (with var SD > 0)", "Group 9: Only Passed | Without variation (no var SD = 0)"), IF(AI71>0, IF(N(AO71)>0, "Group 12: Only Failed | With variation (with var SD > 0)", "Group 11: Only Failed | Without variation (no var SD = 0)"), "Invalid: No Executions (Y=0, Z=0)" ) ) ) -> Group 10: Only Passed | With variation (with var SD > 0) | AR71: =IF(OR(F71="Observed Flaky Test", I71="Observed Flaky Test", S71="Observed Flaky Test", AJ71="Observed Flaky Test"), "Observed Flaky Test", "Non-observed Flaky Test") -> Non-observed Flaky Test
A72: hypothesis | B72: test_randoms.py::test_range_with_arbitrary_step_is_in_range | C72: 0417ebb09f5b1eeef8b18e106e892e5e0fc2fbf5c89e22e1c38a83b0eae1f35b | D72: 0 | E72: 100 | F72: =IF(AND(D72>0, E72>0), "Observed Flaky Test", "Non-observed Flaky Test") -> Non-observed Flaky Test | G72: 100 | H72: 0 | I72: =IF(AND(G72>0, H72>0), "Observed Flaky Test", "Non-observed Flaky Test") -> Non-observed Flaky Test | J72: 12.9206 | K72: 0.125442 | L72: =IFERROR(K72/J72*100,"N/A") -> 0.97086823 | M72: 0 | N72: 0 | O72: =IFERROR(N72/M72*100,"N/A") -> N/A | P72: =IF(AND(G72>0, H72=0), IF(ROUND(K72,8)=0, "Group 9: Only Passed | Without variation (SD Passed = 0)", "Group 10: Only Passed | With variation (SD Passed > 0)"), IF(AND(G72=0, H72>0), IF(ROUND(N72,8)=0, "Group 11: Only Failed | Without variation (SD Failed = 0)", "Group 12: Only Failed | With variation (SD Failed > 0)"), IF(AND(G72>0, H72>0), IF(ROUND(J72,5)<>ROUND(M72,5), IF(AND(ROUND(K72,8)=0, ROUND(N72,8)=0), "Group 1: Flaky | Passed (no variation) AND Failed (no variation) | Different Means", IF(AND(ROUND(K72,8)>0, ROUND(N72,8)>0), "Group 2: Flaky | Passed (with variation) AND Failed (with variation) | Different Means", IF(AND(ROUND(K72,8)=0, ROUND(N72,8)>0), "Group 3: Flaky | Passed (no variation) AND Failed (with variation) | Different Means", "Group 4: Flaky | Passed (with variation) AND Failed (no variation) | Different Means"))), IF(AND(ROUND(K72,8)=0, ROUND(N72,8)=0), "Group 5: Flaky | Passed (no variation) AND Failed (no variation) | Equal Means", IF(AND(ROUND(K72,8)>0, ROUND(N72,8)>0), "Group 6: Flaky | Passed (with variation) AND Failed (with variation) | Equal Means", IF(AND(ROUND(K72,8)=0, ROUND(N72,8)>0), "Group 7: Flaky | Passed (no variation) AND Failed (with variation) | Equal Means", "Group 8: Flaky | Passed (with variation) AND Failed (no variation) | Equal Means")))), "Invalid"))) -> Group 10: Only Passed | With variation (SD Passed > 0) | Q72: 99 | R72: 1 | S72: =IF(AND(Q72>0, R72>0), "Observed Flaky Test", "Non-observed Flaky Test") -> Observed Flaky Test | T72: 3393967.4 | U72: 17584.021 | V72: =IFERROR(U72/T72*100,"N/A") -> 0.51809634 | W72: 3004189 | X72: 0 | Y72: =IFERROR(X72/W72*100,"N/A") -> 0 | Z72: =IF(AND(Q72>0, R72=0), IF(IFERROR(ROUND(V72,8),0)=0, "Group 9: Only Passed | Without variation (no var CV = 0)", "Group 10: Only Passed | With variation (with var CV > 0)"), IF(AND(Q72=0, R72>0), IF(IFERROR(ROUND(Y72,8),0)=0, "Group 11: Only Failed | Without variation (no var CV = 0)", "Group 12: Only Failed | With variation (with var CV > 0)"), IF(AND(Q72>0, R72>0), IF(ROUND(T72,5)<>ROUND(W72,5), IF(AND(IFERROR(ROUND(V72,8),0)=0, IFERROR(ROUND(Y72,8),0)=0), "Group 1: Flaky | Passed (no variation: CV = 0) AND Failed (no variation: CV = 0) | Different Means", IF(AND(IFERROR(ROUND(V72,8),0)>0, IFERROR(ROUND(Y72,8),0)>0), "Group 2: Flaky | Passed (with variation: CV > 0) AND Failed (with variation: CV > 0) | Different Means", IF(AND(IFERROR(ROUND(V72,8),0)=0, IFERROR(ROUND(Y72,8),0)>0), "Group 3: Flaky | Passed (no variation: CV = 0) AND Failed (with variation: CV > 0) | Different Means", "Group 4: Flaky | Passed (with variation: CV > 0) AND Failed (no variation: CV = 0) | Different Means"))), IF(AND(IFERROR(ROUND(V72,8),0)=0, IFERROR(ROUND(Y72,8),0)=0), "Group 5: Flaky | Passed (no var CV = 0) AND Failed (no var CV = 0) | Equal Means", IF(AND(IFERROR(ROUND(V72,8),0)>0, IFERROR(ROUND(Y72,8),0)>0), "Group 6: Flaky | Passed (with var CV > 0) AND Failed (with var CV > 0) | Equal Means", IF(AND(IFERROR(ROUND(V72,8),0)=0, IFERROR(ROUND(Y72,8),0)>0), "Group 7: Flaky | Passed (no var CV = 0) AND Failed (with var CV > 0) | Equal Means", "Group 8: Flaky | Passed (with var CV > 0) AND Failed (no var CV = 0) | Equal Means")))), "Invalid"))) -> Group 4: Flaky | Passed (with variation: CV > 0) AND Failed (no variation: CV = 0) | Different Means | AA72: 1.009419 | AB72: 0.03993 | AC72: =IFERROR(AB72/AA72*100,"N/A") -> 3.9557409 | AD72: 0.846735 | AE72: 0 | AF72: =IFERROR(AE72/AD72*100,"N/A") -> 0 | AG72: =IF(AND(Q72>0, R72=0), IF(IFERROR(ROUND(AC72,8),0)=0, "Group 9: Only Passed | Without variation (no var CV = 0)", "Group 10: Only Passed | With variation (with var CV > 0)"), IF(AND(Q72=0, R72>0), IF(IFERROR(ROUND(AF72,8),0)=0, "Group 11: Only Failed | Without variation (no var CV = 0)", "Group 12: Only Failed | With variation (with var CV > 0)"), IF(AND(Q72>0, R72>0), IF(ROUND(AA72,5)<>ROUND(AD72,5), IF(AND(IFERROR(ROUND(AC72,8),0)=0, IFERROR(ROUND(AF72,8),0)=0), "Group 1: Flaky | Passed (no variation: CV = 0) AND Failed (no variation: CV = 0) | Different Means", IF(AND(IFERROR(ROUND(AC72,8),0)>0, IFERROR(ROUND(AF72,8),0)>0), "Group 2: Flaky | Passed (with variation: CV > 0) AND Failed (with variation: CV > 0) | Different Means", IF(AND(IFERROR(ROUND(AC72,8),0)=0, IFERROR(ROUND(AF72,8),0)>0), "Group 3: Flaky | Passed (no variation: CV = 0) AND Failed (with variation: CV > 0) | Different Means", "Group 4: Flaky | Passed (with variation: CV > 0) AND Failed (no variation: CV = 0) | Different Means"))), IF(AND(IFERROR(ROUND(AC72,8),0)=0, IFERROR(ROUND(AF72,8),0)=0), "Group 5: Flaky | Passed (no var CV = 0) AND Failed (no var CV = 0) | Equal Means", IF(AND(IFERROR(ROUND(AC72,8),0)>0, IFERROR(ROUND(AF72,8),0)>0), "Group 6: Flaky | Passed (with var CV > 0) AND Failed (with var CV > 0) | Equal Means", IF(AND(IFERROR(ROUND(AC72,8),0)=0, IFERROR(ROUND(AF72,8),0)>0), "Group 7: Flaky | Passed (no var CV = 0) AND Failed (with var CV > 0) | Equal Means", "Group 8: Flaky | Passed (with var CV > 0) AND Failed (no var CV = 0) | Equal Means")))), "Invalid"))) -> Group 4: Flaky | Passed (with variation: CV > 0) AND Failed (no variation: CV = 0) | Different Means | AH72: 100 | AI72: 0 | AJ72: =IF(AND(AH72>0, AI72>0), "Observed Flaky Test", "Non-observed Flaky Test") -> Non-observed Flaky Test | AK72: 47345958 | AL72: 1837920 | AM72: =IFERROR(AL72/AK72*100,"N/A") -> 3.8818942 | AN72: 0 | AO72: 0 | AP72: =IFERROR(AO72/AN72*100,"N/A") -> N/A | AQ72: =IF(AND(AH72>0, AI72>0), IF(ROUND(N(AK72),5)<>ROUND(N(AN72),5), IF(AND(ROUND(N(AL72),8)=0, ROUND(N(AO72),8)=0), "Group 1: Flaky | Passed (no variation: SD = 0) AND Failed (no variation: SD = 0) | Different Means", IF(AND(ROUND(N(AL72),8)>0, ROUND(N(AO72),8)>0), "Group 2: Flaky | Passed (with variation: SD > 0) AND Failed (with variation: SD > 0) | Different Means", IF(AND(ROUND(N(AL72),8)=0, ROUND(N(AO72),8)>0), "Group 3: Flaky | Passed (no variation: SD = 0) AND Failed (with variation: SD > 0) | Different Means", "Group 4: Flaky | Passed (with variation: SD > 0) AND Failed (no variation: SD = 0) | Different Means"))), IF(AND(ROUND(N(AL72),8)=0, ROUND(N(AO72),8)=0), "Group 5: Flaky | Passed (no var SD = 0) AND Failed (no var SD = 0) | Equal Means", IF(AND(ROUND(N(AL72),8)>0, ROUND(N(AO72),8)>0), "Group 6: Flaky | Passed (with var SD > 0 ) AND Failed (with var SD > 0) | Equal Means", IF(AND(ROUND(N(AL72),8)=0, ROUND(N(AO72),8)>0), "Group 7: Flaky | Passed (no var SD = 0) AND Failed (with var SD > 0) | Equal Means", "Group 8: Flaky | Passed (with var SD > 0 ) AND Failed (no var SD = 0) | Equal Means"))) ), IF(AH72>0, IF(N(AL72)>0, "Group 10: Only Passed | With variation (with var SD > 0)", "Group 9: Only Passed | Without variation (no var SD = 0)"), IF(AI72>0, IF(N(AO72)>0, "Group 12: Only Failed | With variation (with var SD > 0)", "Group 11: Only Failed | Without variation (no var SD = 0)"), "Invalid: No Executions (Y=0, Z=0)" ) ) ) -> Group 10: Only Passed | With variation (with var SD > 0) | AR72: =IF(OR(F72="Observed Flaky Test", I72="Observed Flaky Test", S72="Observed Flaky Test", AJ72="Observed Flaky Test"), "Observed Flaky Test", "Non-observed Flaky Test") -> Observed Flaky Test
B73: test_integer_ranges.py::interval::test_bounded_integers_distribution_of_bit_width_issue_1387_regression | C73: 5c22a28fa2f457da7444615a839b7835c570736d55100c813f9de20331e462ddd | D73: 0 | E73: 100 | F73: =IF(AND(D73>0, E73>0), "Observed Flaky Test", "Non-observed Flaky Test") -> Non-observed Flaky Test | G73: 100 | H73: 0 | I73: =IF(AND(G73>0, H73>0), "Observed Flaky Test", "Non-observed Flaky Test") -> Non-observed Flaky Test | J73: 11.827 | K73: 0.100722 | L73: =IFERROR(K73/J73*100,"N/A") -> 0.85162763 | M73: 0 | N73: 0 | O73: =IFERROR(N73/M73*100,"N/A") -> N/A | P73: =IF(AND(G73>0, H73=0), IF(ROUND(K73,8)=0, "Group 9: Only Passed | Without variation (SD Passed = 0)", "Group 10: Only Passed | With variation (SD Passed > 0)"), IF(AND(G73=0, H73>0), IF(ROUND(N73,8)=0, "Group 11: Only Failed | Without variation (SD Failed = 0)", "Group 12: Only Failed | With variation (SD Failed > 0)"), IF(AND(G73>0, H73>0), IF(ROUND(J73,5)<>ROUND(M73,5), IF(AND(ROUND(K73,8)=0, ROUND(N73,8)=0), "Group 1: Flaky | Passed (no variation) AND Failed (no variation) | Different Means", IF(AND(ROUND(K73,8)>0, ROUND(N73,8)>0), "Group 2: Flaky | Passed (with variation) AND Failed (with variation) | Different Means", IF(AND(ROUND(K73,8)=0, ROUND(N73,8)>0), "Group 3: Flaky | Passed (no variation) AND Failed (with variation) | Different Means", "Group 4: Flaky | Passed (with variation) AND Failed (no variation) | Different Means"))), IF(AND(ROUND(K73,8)=0, ROUND(N73,8)=0), "Group 5: Flaky | Passed (no variation) AND Failed (no variation) | Equal Means", IF(AND(ROUND(K73,8)>0, ROUND(N73,8)>0), "Group 6: Flaky | Passed (with variation) AND Failed (with variation) | Equal Means", IF(AND(ROUND(K73,8)=0, ROUND(N73,8)>0), "Group 7: Flaky | Passed (no variation) AND Failed (with variation) | Equal Means", "Group 8: Flaky | Passed (with variation) AND Failed (no variation) | Equal Means")))), "Invalid"))) -> Group 10: Only Passed | With variation (SD Passed > 0) | Q73: 0 | R73: 100 | S73: =IF(AND(Q73>0, R73>0), "Observed Flaky Test", "Non-observed Flaky Test") -> Non-observed Flaky Test | T73: 0 | U73: 0 | V73: =IFERROR(U73/T73*100,"N/A") -> N/A | W73: 2895342.6 | X73: 14.997033 | Y73: =IFERROR(X73/W73*100,"N/A") -> 0.00051797093 | Z73: =IF(AND(Q73>0, R73=0), IF(IFERROR(ROUND(V73,8),0)=0, "Group 9: Only Passed | Without variation (no var CV = 0)", "Group 10: Only Passed | With variation (with var CV > 0)"), IF(AND(Q73=0, R73>0), IF(IFERROR(ROUND(Y73,8),0)=0, "Group 11: Only Failed | Without variation (no var CV = 0)", "Group 12: Only Failed | With variation (with var CV > 0)"), IF(AND(Q73>0, R73>0), IF(ROUND(T73,5)<>ROUND(W73,5), IF(AND(IFERROR(ROUND(V73,8),0)=0, IFERROR(ROUND(Y73,8),0)=0), "Group 1: Flaky | Passed (no variation: CV = 0) AND Failed (no variation: CV = 0) | Different Means", IF(AND(IFERROR(ROUND(V73,8),0)>0, IFERROR(ROUND(Y73,8),0)>0), "Group 2: Flaky | Passed (with variation: CV > 0) AND Failed (with variation: CV > 0) | Different Means", IF(AND(IFERROR(ROUND(V73,8),0)=0, IFERROR(ROUND(Y73,8),0)>0), "Group 3: Flaky | Passed (no variation: CV = 0) AND Failed (with variation: CV > 0) | Different Means", "Group 4: Flaky | Passed (with variation: CV > 0) AND Failed (no variation: CV = 0) | Different Means"))), IF(AND(IFERROR(ROUND(V73,8),0)=0, IFERROR(ROUND(Y73,8),0)=0), "Group 5: Flaky | Passed (no var CV = 0) AND Failed (no var CV = 0) | Equal Means", IF(AND(IFERROR(ROUND(V73,8),0)>0, IFERROR(ROUND(Y73,8),0)>0), "Group 6: Flaky | Passed (with var CV > 0) AND Failed (with var CV > 0) | Equal Means", IF(AND(IFERROR(ROUND(V73,8),0)=0, IFERROR(ROUND(Y73,8),0)>0), "Group 7: Flaky | Passed (no var CV = 0) AND Failed (with var CV > 0) | Equal Means", "Group 8: Flaky | Passed (with var CV > 0) AND Failed (no var CV = 0) | Equal Means")))), "Invalid"))) -> Group 12: Only Failed | With variation (with var CV > 0) | AA73: 0 | AB73: 0 | AC73: =IFERROR(AB73/AA73*100,"N/A") -> N/A | AD73: 0.823607 | AE73: 0.033896 | AF73: =IFERROR(AE73/AD73*100,"N/A") -> 4.1155551 | AG73: =IF(AND(Q73>0, R73=0), IF(IFERROR(ROUND(AC73,8),0)=0, "Group 9: Only Passed | Without variation (no var CV = 0)", "Group 10: Only Passed | With variation (with var CV > 0)"), IF(AND(Q73=0, R73>0), IF(IFERROR(ROUND(AF73,8),0)=0, "Group 11: Only Failed | Without variation (no var CV = 0)", "Group 12: Only Failed | With variation (with var CV > 0)"), IF(AND(Q73>0, R73>0), IF(ROUND(AA73,5)<>ROUND(AD73,5), IF(AND(IFERROR(ROUND(AC73,8),0)=0, IFERROR(ROUND(AF73,8),0)=0), "Group 1: Flaky | Passed (no variation: CV = 0) AND Failed (no variation: CV = 0) | Different Means", IF(AND(IFERROR(ROUND(AC73,8),0)>0, IFERROR(ROUND(AF73,8),0)>0), "Group 2: Flaky | Passed (with variation: CV > 0) AND Failed (with variation: CV > 0) | Different Means", IF(AND(IFERROR(ROUND(AC73,8),0)=0, IFERROR(ROUND(AF73,8),0)>0), "Group 3: Flaky | Passed (no variation: CV = 0) AND Failed (with variation: CV > 0) | Different Means", "Group 4: Flaky | Passed (with variation: CV > 0) AND Failed (no variation: CV = 0) | Different Means"))), IF(AND(IFERROR(ROUND(AC73,8),0)=0, IFERROR(ROUND(AF73,8),0)=0), "Group 5: Flaky | Passed (no var CV = 0) AND Failed (no var CV = 0) | Equal Means", IF(AND(IFERROR(ROUND(AC73,8),0)>0, IFERROR(ROUND(AF73,8),0)>0), "Group 6: Flaky | Passed (with var CV > 0) AND Failed (with var CV > 0) | Equal Means", IF(AND(IFERROR(ROUND(AC73,8),0)=0, IFERROR(ROUND(AF73,8),0)>0), "Group 7: Flaky | Passed (no var CV = 0) AND Failed (with var CV > 0) | Equal Means", "Group 8: Flaky | Passed (with var CV > 0) AND Failed (no var CV = 0) | Equal Means")))), "Invalid"))) -> Group 12: Only Failed | With variation (with var CV > 0) | AH73: 100 | AI73: 0 | AJ73: =IF(AND(AH73>0, AI73>0), "Observed Flaky Test", "Non-observed Flaky Test") -> Non-observed Flaky Test | AK73: 22869108 | AL73: 722456.26 | AM73: =IFERROR(AL73/AK73*100,"N/A") -> 3.1590924 | AN73: 0 | AO73: 0 | AP73: =IFERROR(AO73/AN73*100,"N/A") -> N/A | AQ73: =IF(AND(AH73>0, AI73>0), IF(ROUND(N(AK73),5)<>ROUND(N(AN73),5), IF(AND(ROUND(N(AL73),8)=0, ROUND(N(AO73),8)=0), "Group 1: Flaky | Passed (no variation: SD = 0) AND Failed (no variation: SD = 0) | Different Means", IF(AND(ROUND(N(AL73),8)>0, ROUND(N(AO73),8)>0), "Group 2: Flaky | Passed (with variation: SD > 0) AND Failed (with variation: SD > 0) | Different Means", IF(AND(ROUND(N(AL73),8)=0, ROUND(N(AO73),8)>0), "Group 3: Flaky | Passed (no variation: SD = 0) AND Failed (with variation: SD > 0) | Different Means", "Group 4: Flaky | Passed (with variation: SD > 0) AND Failed (no variation: SD = 0) | Different Means"))), IF(AND(ROUND(N(AL73),8)=0, ROUND(N(AO73),8)=0), "Group 5: Flaky | Passed (no var SD = 0) AND Failed (no var SD = 0) | Equal Means", IF(AND(ROUND(N(AL73),8)>0, ROUND(N(AO73),8)>0), "Group 6: Flaky | Passed (with var SD > 0 ) AND Failed (with var SD > 0) | Equal Means", IF(AND(ROUND(N(AL73),8)=0, ROUND(N(AO73),8)>0), "Group 7: Flaky | Passed (no var SD = 0) AND Failed (with var SD > 0) | Equal Means", "Group 8: Flaky | Passed (with var SD > 0 ) AND Failed (no var SD = 0) | Equal Means"))) ), IF(AH73>0, IF(N(AL73)>0, "Group 10: Only Passed | With variation (with var SD > 0)", "Group 9: Only Passed | Without variation (no var SD = 0)"), IF(AI73>0, IF(N(AO73)>0, "Group 12: Only Failed | With variation (with var SD > 0)", "Group 11: Only Failed | Without variation (no var SD = 0)"), "Invalid: No Executions (Y=0, Z=0)" ) ) ) -> Group 10: Only Passed | With variation (with var SD > 0) | AR73: =IF(OR(F73="Observed Flaky Test", I73="Observed Flaky Test", S73="Observed Flaky Test", AJ73="Observed Flaky Test"), "Observed Flaky Test", "Non-observed Flaky Test") -> Non-observed Flaky Test
B74: test_regex.py::test_conservative_regex_are_correct_by_construction | C74: a3a4d8e976c13fdb89546c1501f7294190ddd287fbe50cf43839a47b52100dc5e | D74: 0 | E74: 100 | F74: =IF(AND(D74>0, E74>0), "Observed Flaky Test", "Non-observed Flaky Test") -> Non-observed Flaky Test | G74: 100 | H74: 0 | I74: =IF(AND(G74>0, H74>0), "Observed Flaky Test", "Non-observed Flaky Test") -> Non-observed Flaky Test | J74: 13.3669 | K74: 0.622755 | L74: =IFERROR(K74/J74*100,"N/A") -> 4.6589336 | M74: 0 | N74: 0 | O74: =IFERROR(N74/M74*100,"N/A") -> N/A | P74: =IF(AND(G74>0, H74=0), IF(ROUND(K74,8)=0, "Group 9: Only Passed | Without variation (SD Passed = 0)", "Group 10: Only Passed | With variation (SD Passed > 0)"), IF(AND(G74=0, H74>0), IF(ROUND(N74,8)=0, "Group 11: Only Failed | Without variation (SD Failed = 0)", "Group 12: Only Failed | With variation (SD Failed > 0)"), IF(AND(G74>0, H74>0), IF(ROUND(J74,5)<>ROUND(M74,5), IF(AND(ROUND(K74,8)=0, ROUND(N74,8)=0), "Group 1: Flaky | Passed (no variation) AND Failed (no variation) | Different Means", IF(AND(ROUND(K74,8)>0, ROUND(N74,8)>0), "Group 2: Flaky | Passed (with variation) AND Failed (with variation) | Different Means", IF(AND(ROUND(K74,8)=0, ROUND(N74,8)>0), "Group 3: Flaky | Passed (no variation) AND Failed (with variation) | Different Means", "Group 4: Flaky | Passed (with variation) AND Failed (no variation) | Different Means"))), IF(AND(ROUND(K74,8)=0, ROUND(N74,8)=0), "Group 5: Flaky | Passed (no variation) AND Failed (no variation) | Equal Means", IF(AND(ROUND(K74,8)>0, ROUND(N74,8)>0), "Group 6: Flaky | Passed (with variation) AND Failed (with variation) | Equal Means", IF(AND(ROUND(K74,8)=0, ROUND(N74,8)>0), "Group 7: Flaky | Passed (no variation) AND Failed (with variation) | Equal Means", "Group 8: Flaky | Passed (with variation) AND Failed (no variation) | Equal Means")))), "Invalid"))) -> Group 10: Only Passed | With variation (SD Passed > 0) | Q74: 100 | R74: 0 | S74: =IF(AND(Q74>0, R74>0), "Observed Flaky Test", "Non-observed Flaky Test") -> Non-observed Flaky Test | T74: 6792678.3 | U74: 2832798.9 | V74: =IFERROR(U74/T74*100,"N/A") -> 41.703711 | W74: 0 | X74: 0 | Y74: =IFERROR(X74/W74*100,"N/A") -> N/A | Z74: =IF(AND(Q74>0, R74=0), IF(IFERROR(ROUND(V74,8),0)=0, "Group 9: Only Passed | Without variation (no var CV = 0)", "Group 10: Only Passed | With variation (with var CV > 0)"), IF(AND(Q74=0, R74>0), IF(IFERROR(ROUND(Y74,8),0)=0, "Group 11: Only Failed | Without variation (no var CV = 0)", "Group 12: Only Failed | With variation (with var CV > 0)"), IF(AND(Q74>0, R74>0), IF(ROUND(T74,5)<>ROUND(W74,5), IF(AND(IFERROR(ROUND(V74,8),0)=0, IFERROR(ROUND(Y74,8),0)=0), "Group 1: Flaky | Passed (no variation: CV = 0) AND Failed (no variation: CV = 0) | Different Means", IF(AND(IFERROR(ROUND(V74,8),0)>0, IFERROR(ROUND(Y74,8),0)>0), "Group 2: Flaky | Passed (with variation: CV > 0) AND Failed (with variation: CV > 0) | Different Means", IF(AND(IFERROR(ROUND(V74,8),0)=0, IFERROR(ROUND(Y74,8),0)>0), "Group 3: Flaky | Passed (no variation: CV = 0) AND Failed (with variation: CV > 0) | Different Means", "Group 4: Flaky | Passed (with variation: CV > 0) AND Failed (no variation: CV = 0) | Different Means"))), IF(AND(IFERROR(ROUND(V74,8),0)=0, IFERROR(ROUND(Y74,8),0)=0), "Group 5: Flaky | Passed (no var CV = 0) AND Failed (no var CV = 0) | Equal Means", IF(AND(IFERROR(ROUND(V74,8),0)>0, IFERROR(ROUND(Y74,8),0)>0), "Group 6: Flaky | Passed (with var CV > 0) AND Failed (with var CV > 0) | Equal Means", IF(AND(IFERROR(ROUND(V74,8),0)=0, IFERROR(ROUND(Y74,8),0)>0), "Group 7: Flaky | Passed (no var CV = 0) AND Failed (with var CV > 0) | Equal Means", "Group 8: Flaky | Passed (with var CV > 0) AND Failed (no var CV = 0) | Equal Means")))), "Invalid"))) -> Group 10: Only Passed | With variation (with var CV > 0) | AA74: 2.648252 | AB74: 1.389905 | AC74: =IFERROR(AB74/AA74*100,"N/A") -> 52.483865 | AD74: 0 | AE74: 0 | AF74: =IFERROR(AE74/AD74*100,"N/A") -> N/A | AG74: =IF(AND(Q74>0, R74=0), IF(IFERROR(ROUND(AC74,8),0)=0, "Group 9: Only Passed | Without variation (no var CV = 0)", "Group 10: Only Passed | With variation (with var CV > 0)"), IF(AND(Q74=0, R74>0), IF(IFERROR(ROUND(AF74,8),0)=0, "Group 11: Only Failed | Without variation (no var CV = 0)", "Group 12: Only Failed | With variation (with var CV > 0)"), IF(AND(Q74>0, R74>0), IF(ROUND(AA74,5)<>ROUND(AD74,5), IF(AND(IFERROR(ROUND(AC74,8),0)=0, IFERROR(ROUND(AF74,8),0)=0), "Group 1: Flaky | Passed (no variation: CV = 0) AND Failed (no variation: CV = 0) | Different Means", IF(AND(IFERROR(ROUND(AC74,8),0)>0, IFERROR(ROUND(AF74,8),0)>0), "Group 2: Flaky | Passed (with variation: CV > 0) AND Failed (with variation: CV > 0) | Different Means", IF(AND(IFERROR(ROUND(AC74,8),0)=0, IFERROR(ROUND(AF74,8),0)>0), "Group 3: Flaky | Passed (no variation: CV = 0) AND Failed (with variation: CV > 0) | Different Means", "Group 4: Flaky | Passed (with variation: CV > 0) AND Failed (no variation: CV = 0) | Different Means"))), IF(AND(IFERROR(ROUND(AC74,8),0)=0, IFERROR(ROUND(AF74,8),0)=0), "Group 5: Flaky | Passed (no var CV = 0) AND Failed (no var CV = 0) | Equal Means", IF(AND(IFERROR(ROUND(AC74,8),0)>0, IFERROR(ROUND(AF74,8),0)>0), "Group 6: Flaky | Passed (with var CV > 0) AND Failed (with var CV > 0) | Equal Means", IF(AND(IFERROR(ROUND(AC74,8),0)=0, IFERROR(ROUND(AF74,8),0)>0), "Group 7: Flaky | Passed (no var CV = 0) AND Failed (with var CV > 0) | Equal Means", "Group 8: Flaky | Passed (with var CV > 0) AND Failed (no var CV = 0) | Equal Means")))), "Invalid"))) -> Group 10: Only Passed | With variation (with var CV > 0) | AH74: 100 | AI74: 0 | AJ74: =IF(AND(AH74>0, AI74>0), "Observed Flaky Test", "Non-observed Flaky Test") -> Non-observed Flaky Test | AK74: 4.438985e+08 | AL74: 3.9180575e+08 | AM74: =IFERROR(AL74/AK74*100,"N/A") -> 88.264716 | AN74: 0 | AO74: 0 | AP74: =IFERROR(AO74/AN74*100,"N/A") -> N/A | AQ74: =IF(AND(AH74>0, AI74>0), IF(ROUND(N(AK74),5)<>ROUND(N(AN74),5), IF(AND(ROUND(N(AL74),8)=0, ROUND(N(AO74),8)=0), "Group 1: Flaky | Passed (no variation: SD = 0) AND Failed (no variation: SD = 0) | Different Means", IF(AND(ROUND(N(AL74),8)>0, ROUND(N(AO74),8)>0), "Group 2: Flaky | Passed (with variation: SD > 0) AND Failed (with variation: SD > 0) | Different Means", IF(AND(ROUND(N(AL74),8)=0, ROUND(N(AO74),8)>0), "Group 3: Flaky | Passed (no variation: SD = 0) AND Failed (with variation: SD > 0) | Different Means", "Group 4: Flaky | Passed (with variation: SD > 0) AND Failed (no variation: SD = 0) | Different Means"))), IF(AND(ROUND(N(AL74),8)=0, ROUND(N(AO74),8)=0), "Group 5: Flaky | Passed (no var SD = 0) AND Failed (no var SD = 0) | Equal Means", IF(AND(ROUND(N(AL74),8)>0, ROUND(N(AO74),8)>0), "Group 6: Flaky | Passed (with var SD > 0 ) AND Failed (with var SD > 0) | Equal Means", IF(AND(ROUND(N(AL74),8)=0, ROUND(N(AO74),8)>0), "Group 7: Flaky | Passed (no var SD = 0) AND Failed (with var SD > 0) | Equal Means", "Group 8: Flaky | Passed (with var SD > 0 ) AND Failed (no var SD = 0) | Equal Means"))) ), IF(AH74>0, IF(N(AL74)>0, "Group 10: Only Passed | With variation (with var SD > 0)", "Group 9: Only Passed | Without variation (no var SD = 0)"), IF(AI74>0, IF(N(AO74)>0, "Group 12: Only Failed | With variation (with var SD > 0)", "Group 11: Only Failed | Without variation (no var SD = 0)"), "Invalid: No Executions (Y=0, Z=0)" ) ) ) -> Group 10: Only Passed | With variation (with var SD > 0) | AR74: =IF(OR(F74="Observed Flaky Test", I74="Observed Flaky Test", S74="Observed Flaky Test", AJ74="Observed Flaky Test"), "Observed Flaky Test", "Non-observed Flaky Test") -> Non-observed Flaky Test
B75: test_strategy_state.py::TestHypothesis::runTest | C75: 0cc0c9158debde080353372e0278c57e8fd3c0bfe237d2a47a8372399e45378b | D75: 0 | E75: 100 | F75: =IF(AND(D75>0, E75>0), "Observed Flaky Test", "Non-observed Flaky Test") -> Non-observed Flaky Test | G75: 100 | H75: 0 | I75: =IF(AND(G75>0, H75>0), "Observed Flaky Test", "Non-observed Flaky Test") -> Non-observed Flaky Test | J75: 15.2213 | K75: 0.06906 | L75: =IFERROR(K75/J75*100,"N/A") -> 0.45370632 | M75: 0 | N75: 0 | O75: =IFERROR(N75/M75*100,"N/A") -> N/A | P75: =IF(AND(G75>0, H75=0), IF(ROUND(K75,8)=0, "Group 9: Only Passed | Without variation (SD Passed = 0)", "Group 10: Only Passed | With variation (SD Passed > 0)"), IF(AND(G75=0, H75>0), IF(ROUND(N75,8)=0, "Group 11: Only Failed | Without variation (SD Failed = 0)", "Group 12: Only Failed | With variation (SD Failed > 0)"), IF(AND(G75>0, H75>0), IF(ROUND(J75,5)<>ROUND(M75,5), IF(AND(ROUND(K75,8)=0, ROUND(N75,8)=0), "Group 1: Flaky | Passed (no variation) AND Failed (no variation) | Different Means", IF(AND(ROUND(K75,8)>0, ROUND(N75,8)>0), "Group 2: Flaky | Passed (with variation) AND Failed (with variation) | Different Means", IF(AND(ROUND(K75,8)=0, ROUND(N75,8)>0), "Group 3: Flaky | Passed (no variation) AND Failed (with variation) | Different Means", "Group 4: Flaky | Passed (with variation) AND Failed (no variation) | Different Means"))), IF(AND(ROUND(K75,8)=0, ROUND(N75,8)=0), "Group 5: Flaky | Passed (no variation) AND Failed (no variation) | Equal Means", IF(AND(ROUND(K75,8)>0, ROUND(N75,8)>0), "Group 6: Flaky | Passed (with variation) AND Failed (with variation) | Equal Means", IF(AND(ROUND(K75,8)=0, ROUND(N75,8)>0), "Group 7: Flaky | Passed (no variation) AND Failed (with variation) | Equal Means", "Group 8: Flaky | Passed (with variation) AND Failed (no variation) | Equal Means")))), "Invalid"))) -> Group 10: Only Passed | With variation (SD Passed > 0) | Q75: 100 | R75: 0 | S75: =IF(AND(Q75>0, R75>0), "Observed Flaky Test", "Non-observed Flaky Test") -> Non-observed Flaky Test | T75: 69244137 | U75: 20466301 | V75: =IFERROR(U75/T75*100,"N/A") -> 29.556728 | W75: 0 | X75: 0 | Y75: =IFERROR(X75/W75*100,"N/A") -> N/A | Z75: =IF(AND(Q75>0, R75=0), IF(IFERROR(ROUND(V75,8),0)=0, "Group 9: Only Passed | Without variation (no var CV = 0)", "Group 10: Only Passed | With variation (with var CV > 0)"), IF(AND(Q75=0, R75>0), IF(IFERROR(ROUND(Y75,8),0)=0, "Group 11: Only Failed | Without variation (no var CV = 0)", "Group 12: Only Failed | With variation (with var CV > 0)"), IF(AND(Q75>0, R75>0), IF(ROUND(T75,5)<>ROUND(W75,5), IF(AND(IFERROR(ROUND(V75,8),0)=0, IFERROR(ROUND(Y75,8),0)=0), "Group 1: Flaky | Passed (no variation: CV = 0) AND Failed (no variation: CV = 0) | Different Means", IF(AND(IFERROR(ROUND(V75,8),0)>0, IFERROR(ROUND(Y75,8),0)>0), "Group 2: Flaky | Passed (with variation: CV > 0) AND Failed (with variation: CV > 0) | Different Means", IF(AND(IFERROR(ROUND(V75,8),0)=0, IFERROR(ROUND(Y75,8),0)>0), "Group 3: Flaky | Passed (no variation: CV = 0) AND Failed (with variation: CV > 0) | Different Means", "Group 4: Flaky | Passed (with variation: CV > 0) AND Failed (no variation: CV = 0) | Different Means"))), IF(AND(IFERROR(ROUND(V75,8),0)=0, IFERROR(ROUND(Y75,8),0)=0), "Group 5: Flaky | Passed (no var CV = 0) AND Failed (no var CV = 0) | Equal Means", IF(AND(IFERROR(ROUND(V75,8),0)>0, IFERROR(ROUND(Y75,8),0)>0), "Group 6: Flaky | Passed (with var CV > 0) AND Failed (with var CV > 0) | Equal Means", IF(AND(IFERROR(ROUND(V75,8),0)=0, IFERROR(ROUND(Y75,8),0)>0), "Group 7: Flaky | Passed (no var CV = 0) AND Failed (with var CV > 0) | Equal Means", "Group 8: Flaky | Passed (with var CV > 0) AND Failed (no var CV = 0) | Equal Means")))), "Invalid"))) -> Group 10: Only Passed | With variation (with var CV > 0) | AA75: 25.090427 | AB75: 8.347771 | AC75: =IFERROR(AB75/AA75*100,"N/A") -> 33.270741 | AD75: 0 | AE75: 0 | AF75: =IFERROR(AE75/AD75*100,"N/A") -> N/A | AG75: =IF(AND(Q75>0, R75=0), IF(IFERROR(ROUND(AC75,8),0)=0, "Group 9: Only Passed | Without variation (no var CV = 0)", "Group 10: Only Passed | With variation (with var CV > 0)"), IF(AND(Q75=0, R75>0), IF(IFERROR(ROUND(AF75,8),0)=0, "Group 11: Only Failed | Without variation (no var CV = 0)", "Group 12: Only Failed | With variation (with var CV > 0)"), IF(AND(Q75>0, R75>0), IF(ROUND(AA75,5)<>ROUND(AD75,5), IF(AND(IFERROR(ROUND(AC75,8),0)=0, IFERROR(ROUND(AF75,8),0)=0), "Group 1: Flaky | Passed (no variation: CV = 0) AND Failed (no variation: CV = 0) | Different Means", IF(AND(IFERROR(ROUND(AC75,8),0)>0, IFERROR(ROUND(AF75,8),0)>0), "Group 2: Flaky | Passed (with variation: CV > 0) AND Failed (with variation: CV > 0) | Different Means", IF(AND(IFERROR(ROUND(AC75,8),0)=0, IFERROR(ROUND(AF75,8),0)>0), "Group 3: Flaky | Passed (no variation: CV = 0) AND Failed (with variation: CV > 0) | Different Means", "Group 4: Flaky | Passed (with variation: CV > 0) AND Failed (no variation: CV = 0) | Different Means"))), IF(AND(IFERROR(ROUND(AC75,8),0)=0, IFERROR(ROUND(AF75,8),0)=0), "Group 5: Flaky | Passed (no var CV = 0) AND Failed (no var CV = 0) | Equal Means", IF(AND(IFERROR(ROUND(AC75,8),0)>0, IFERROR(ROUND(AF75,8),0)>0), "Group 6: Flaky | Passed (with var CV > 0) AND Failed (with var CV > 0) | Equal Means", IF(AND(IFERROR(ROUND(AC75,8),0)=0, IFERROR(ROUND(AF75,8),0)>0), "Group 7: Flaky | Passed (no var CV = 0) AND Failed (with var CV > 0) | Equal Means", "Group 8: Flaky | Passed (with var CV > 0) AND Failed (no var CV = 0) | Equal Means")))), "Invalid"))) -> Group 10: Only Passed | With variation (with var CV > 0) | AH75: 100 | AI75: 0 | AJ75: =IF(AND(AH75>0, AI75>0), "Observed Flaky Test", "Non-observed Flaky Test") -> Non-observed Flaky Test | AK75: 7.6349331e+09 | AL75: 2.856027e+09 | AM75: =IFERROR(AL75/AK75*100,"N/A") -> 37.407361 | AN75: 0 | AO75: 0 | AP75: =IFERROR(AO75/AN75*100,"N/A") -> N/A | AQ75: =IF(AND(AH75>0, AI75>0), IF(ROUND(N(AK75),5)<>ROUND(N(AN75),5), IF(AND(ROUND(N(AL75),8)=0, ROUND(N(AO75),8)=0), "Group 1: Flaky | Passed (no variation: SD = 0) AND Failed (no variation: SD = 0) | Different Means", IF(AND(ROUND(N(AL75),8)>0, ROUND(N(AO75),8)>0), "Group 2: Flaky | Passed (with variation: SD > 0) AND Failed (with variation: SD > 0) | Different Means", IF(AND(ROUND(N(AL75),8)=0, ROUND(N(AO75),8)>0), "Group 3: Flaky | Passed (no variation: SD = 0) AND Failed (with variation: SD > 0) | Different Means", "Group 4: Flaky | Passed (with variation: SD > 0) AND Failed (no variation: SD = 0) | Different Means"))), IF(AND(ROUND(N(AL75),8)=0, ROUND(N(AO75),8)=0), "Group 5: Flaky | Passed (no var SD = 0) AND Failed (no var SD = 0) | Equal Means", IF(AND(ROUND(N(AL75),8)>0, ROUND(N(AO75),8)>0), "Group 6: Flaky | Passed (with var SD > 0 ) AND Failed (with var SD > 0) | Equal Means", IF(AND(ROUND(N(AL75),8)=0, ROUND(N(AO75),8)>0), "Group 7: Flaky | Passed (no var SD = 0) AND Failed (with var SD > 0) | Equal Means", "Group 8: Flaky | Passed (with var SD > 0 ) AND Failed (no var SD = 0) | Equal Means"))) ), IF(AH75>0, IF(N(AL75)>0, "Group 10: Only Passed | With variation (with var SD > 0)", "Group 9: Only Passed | Without variation (no var SD = 0)"), IF(AI75>0, IF(N(AO75)>0, "Group 12: Only Failed | With variation (with var SD > 0)", "Group 11: Only Failed | Without variation (no var SD = 0)"), "Invalid: No Executions (Y=0, Z=0)" ) ) ) -> Group 10: Only Passed | With variation (with var SD > 0) | AR75: =IF(OR(F75="Observed Flaky Test", I75="Observed Flaky Test", S75="Observed Flaky Test", AJ75="Observed Flaky Test"), "Observed Flaky Test", "Non-observed Flaky Test") -> Non-observed Flaky Test
B76: test_gen_data.py::test_minimize_mutually_broadcastable_shape | C76: 96876840de43594dd6a4762fdbc6170651b2198a543fe673a98bff371737adb5 | D76: 0 | E76: 100 | F76: =IF(AND(D76>0, E76>0), "Observed Flaky Test", "Non-observed Flaky Test") -> Non-observed Flaky Test | G76: 100 | H76: 0 | I76: =IF(AND(G76>0, H76>0), "Observed Flaky Test", "Non-observed Flaky Test") -> Non-observed Flaky Test | J76: 12.5041 | K76: 0.014219 | L76: =IFERROR(K76/J76*100,"N/A") -> 0.1137147 | M76: 0 | N76: 0 | O76: =IFERROR(N76/M76*100,"N/A") -> N/A | P76: =IF(AND(G76>0, H76=0), IF(ROUND(K76,8)=0, "Group 9: Only Passed | Without variation (SD Passed = 0)", "Group 10: Only Passed | With variation (SD Passed > 0)"), IF(AND(G76=0, H76>0), IF(ROUND(N76,8)=0, "Group 11: Only Failed | Without variation (SD Failed = 0)", "Group 12: Only Failed | With variation (SD Failed > 0)"), IF(AND(G76>0, H76>0), IF(ROUND(J76,5)<>ROUND(M76,5), IF(AND(ROUND(K76,8)=0, ROUND(N76,8)=0), "Group 1: Flaky | Passed (no variation) AND Failed (no variation) | Different Means", IF(AND(ROUND(K76,8)>0, ROUND(N76,8)>0), "Group 2: Flaky | Passed (with variation) AND Failed (with variation) | Different Means", IF(AND(ROUND(K76,8)=0, ROUND(N76,8)>0), "Group 3: Flaky | Passed (no variation) AND Failed (with variation) | Different Means", "Group 4: Flaky | Passed (with variation) AND Failed (no variation) | Different Means"))), IF(AND(ROUND(K76,8)=0, ROUND(N76,8)=0), "Group 5: Flaky | Passed (no variation) AND Failed (no variation) | Equal Means", IF(AND(ROUND(K76,8)>0, ROUND(N76,8)>0), "Group 6: Flaky | Passed (with variation) AND Failed (with variation) | Equal Means", IF(AND(ROUND(K76,8)=0, ROUND(N76,8)>0), "Group 7: Flaky | Passed (no variation) AND Failed (with variation) | Equal Means", "Group 8: Flaky | Passed (with variation) AND Failed (no variation) | Equal Means")))), "Invalid"))) -> Group 10: Only Passed | With variation (SD Passed > 0) | Q76: 100 | R76: 0 | S76: =IF(AND(Q76>0, R76>0), "Observed Flaky Test", "Non-observed Flaky Test") -> Non-observed Flaky Test | T76: 3825549.2 | U76: 32830.865 | V76: =IFERROR(U76/T76*100,"N/A") -> 0.85820004 | W76: 0 | X76: 0 | Y76: =IFERROR(X76/W76*100,"N/A") -> N/A | Z76: =IF(AND(Q76>0, R76=0), IF(IFERROR(ROUND(V76,8),0)=0, "Group 9: Only Passed | Without variation (no var CV = 0)", "Group 10: Only Passed | With variation (with var CV > 0)"), IF(AND(Q76=0, R76>0), IF(IFERROR(ROUND(Y76,8),0)=0, "Group 11: Only Failed | Without variation (no var CV = 0)", "Group 12: Only Failed | With variation (with var CV > 0)"), IF(AND(Q76>0, R76>0), IF(ROUND(T76,5)<>ROUND(W76,5), IF(AND(IFERROR(ROUND(V76,8),0)=0, IFERROR(ROUND(Y76,8),0)=0), "Group 1: Flaky | Passed (no variation: CV = 0) AND Failed (no variation: CV = 0) | Different Means", IF(AND(IFERROR(ROUND(V76,8),0)>0, IFERROR(ROUND(Y76,8),0)>0), "Group 2: Flaky | Passed (with variation: CV > 0) AND Failed (with variation: CV > 0) | Different Means", IF(AND(IFERROR(ROUND(V76,8),0)=0, IFERROR(ROUND(Y76,8),0)>0), "Group 3: Flaky | Passed (no variation: CV = 0) AND Failed (with variation: CV > 0) | Different Means", "Group 4: Flaky | Passed (with variation: CV > 0) AND Failed (no variation: CV = 0) | Different Means"))), IF(AND(IFERROR(ROUND(V76,8),0)=0, IFERROR(ROUND(Y76,8),0)=0), "Group 5: Flaky | Passed (no var CV = 0) AND Failed (no var CV = 0) | Equal Means", IF(AND(IFERROR(ROUND(V76,8),0)>0, IFERROR(ROUND(Y76,8),0)>0), "Group 6: Flaky | Passed (with var CV > 0) AND Failed (with var CV > 0) | Equal Means", IF(AND(IFERROR(ROUND(V76,8),0)=0, IFERROR(ROUND(Y76,8),0)>0), "Group 7: Flaky | Passed (no var CV = 0) AND Failed (with var CV > 0) | Equal Means", "Group 8: Flaky | Passed (with var CV > 0) AND Failed (no var CV = 0) | Equal Means")))), "Invalid"))) -> Group 10: Only Passed | With variation (with var CV > 0) | AA76: 1.183132 | AB76: 0.035352 | AC76: =IFERROR(AB76/AA76*100,"N/A") -> 2.9880013 | AD76: 0 | AE76: 0 | AF76: =IFERROR(AE76/AD76*100,"N/A") -> N/A | AG76: =IF(AND(Q76>0, R76=0), IF(IFERROR(ROUND(AC76,8),0)=0, "Group 9: Only Passed | Without variation (no var CV = 0)", "Group 10: Only Passed | With variation (with var CV > 0)"), IF(AND(Q76=0, R76>0), IF(IFERROR(ROUND(AF76,8),0)=0, "Group 11: Only Failed | Without variation (no var CV = 0)", "Group 12: Only Failed | With variation (with var CV > 0)"), IF(AND(Q76>0, R76>0), IF(ROUND(AA76,5)<>ROUND(AD76,5), IF(AND(IFERROR(ROUND(AC76,8),0)=0, IFERROR(ROUND(AF76,8),0)=0), "Group 1: Flaky | Passed (no variation: CV = 0) AND Failed (no variation: CV = 0) | Different Means", IF(AND(IFERROR(ROUND(AC76,8),0)>0, IFERROR(ROUND(AF76,8),0)>0), "Group 2: Flaky | Passed (with variation: CV > 0) AND Failed (with variation: CV > 0) | Different Means", IF(AND(IFERROR(ROUND(AC76,8),0)=0, IFERROR(ROUND(AF76,8),0)>0), "Group 3: Flaky | Passed (no variation: CV = 0) AND Failed (with variation: CV > 0) | Different Means", "Group 4: Flaky | Passed (with variation: CV > 0) AND Failed (no variation: CV = 0) | Different Means"))), IF(AND(IFERROR(ROUND(AC76,8),0)=0, IFERROR(ROUND(AF76,8),0)=0), "Group 5: Flaky | Passed (no var CV = 0) AND Failed (no var CV = 0) | Equal Means", IF(AND(IFERROR(ROUND(AC76,8),0)>0, IFERROR(ROUND(AF76,8),0)>0), "Group 6: Flaky | Passed (with var CV > 0) AND Failed (with var CV > 0) | Equal Means", IF(AND(IFERROR(ROUND(AC76,8),0)=0, IFERROR(ROUND(AF76,8),0)>0), "Group 7: Flaky | Passed (no var CV = 0) AND Failed (with var CV > 0) | Equal Means", "Group 8: Flaky | Passed (with var CV > 0) AND Failed (no var CV = 0) | Equal Means")))), "Invalid"))) -> Group 10: Only Passed | With variation (with var CV > 0) | AH76: 100 | AI76: 0 | AJ76: =IF(AND(AH76>0, AI76>0), "Observed Flaky Test", "Non-observed Flaky Test") -> Non-observed Flaky Test | AK76: 59885483 | AL76: 4362768.7 | AM76: =IFERROR(AL76/AK76*100,"N/A") -> 7.2851858 | AN76: 0 | AO76: 0 | AP76: =IFERROR(AO76/AN76*100,"N/A") -> N/A | AQ76: =IF(AND(AH76>0, AI76>0), IF(ROUND(N(AK76),5)<>ROUND(N(AN76),5), IF(AND(ROUND(N(AL76),8)=0, ROUND(N(AO76),8)=0), "Group 1: Flaky | Passed (no variation: SD = 0) AND Failed (no variation: SD = 0) | Different Means", IF(AND(ROUND(N(AL76),8)>0, ROUND(N(AO76),8)>0), "Group 2: Flaky | Passed (with variation: SD > 0) AND Failed (with variation: SD > 0) | Different Means", IF(AND(ROUND(N(AL76),8)=0, ROUND(N(AO76),8)>0), "Group 3: Flaky | Passed (no variation: SD = 0) AND Failed (with variation: SD > 0) | Different Means", "Group 4: Flaky | Passed (with variation: SD > 0) AND Failed (no variation: SD = 0) | Different Means"))), IF(AND(ROUND(N(AL76),8)=0, ROUND(N(AO76),8)=0), "Group 5: Flaky | Passed (no var SD = 0) AND Failed (no var SD = 0) | Equal Means", IF(AND(ROUND(N(AL76),8)>0, ROUND(N(AO76),8)>0), "Group 6: Flaky | Passed (with var SD > 0 ) AND Failed (with var SD > 0) | Equal Means", IF(AND(ROUND(N(AL76),8)=0, ROUND(N(AO76),8)>0), "Group 7: Flaky | Passed (no var SD = 0) AND Failed (with var SD > 0) | Equal Means", "Group 8: Flaky | Passed (with var SD > 0 ) AND Failed (no var SD = 0) | Equal Means"))) ), IF(AH76>0, IF(N(AL76)>0, "Group 10: Only Passed | With variation (with var SD > 0)", "Group 9: Only Passed | Without variation (no var SD = 0)"), IF(AI76>0, IF(N(AO76)>0, "Group 12: Only Failed | With variation (with var SD > 0)", "Group 11: Only Failed | Without variation (no var SD = 0)"), "Invalid: No Executions (Y=0, Z=0)" ) ) ) -> Group 10: Only Passed | With variation (with var SD > 0) | AR76: =IF(OR(F76="Observed Flaky Test", I76="Observed Flaky Test", S76="Observed Flaky Test", AJ76="Observed Flaky Test"), "Observed Flaky Test", "Non-observed Flaky Test") -> Non-observed Flaky Test
A77: ipython | B77: test_debugger.py::test_xmode_skip | C77: ace88d046e3dfb541d3944aab99333f2818015ccbd36c4bb5a85efe79738c2d1 | D77: 100 | E77: 0 | F77: =IF(AND(D77>0, E77>0), "Observed Flaky Test", "Non-observed Flaky Test") -> Non-observed Flaky Test | G77: 57 | H77: 43 | I77: =IF(AND(G77>0, H77>0), "Observed Flaky Test", "Non-observed Flaky Test") -> Observed Flaky Test | J77: 16.5 | K77: 0 | L77: =IFERROR(K77/J77*100,"N/A") -> 0 | M77: 16.4 | N77: 0 | O77: =IFERROR(N77/M77*100,"N/A") -> 0 | P77: =IF(AND(G77>0, H77=0), IF(ROUND(K77,8)=0, "Group 9: Only Passed | Without variation (SD Passed = 0)", "Group 10: Only Passed | With variation (SD Passed > 0)"), IF(AND(G77=0, H77>0), IF(ROUND(N77,8)=0, "Group 11: Only Failed | Without variation (SD Failed = 0)", "Group 12: Only Failed | With variation (SD Failed > 0)"), IF(AND(G77>0, H77>0), IF(ROUND(J77,5)<>ROUND(M77,5), IF(AND(ROUND(K77,8)=0, ROUND(N77,8)=0), "Group 1: Flaky | Passed (no variation) AND Failed (no variation) | Different Means", IF(AND(ROUND(K77,8)>0, ROUND(N77,8)>0), "Group 2: Flaky | Passed (with variation) AND Failed (with variation) | Different Means", IF(AND(ROUND(K77,8)=0, ROUND(N77,8)>0), "Group 3: Flaky | Passed (no variation) AND Failed (with variation) | Different Means", "Group 4: Flaky | Passed (with variation) AND Failed (no variation) | Different Means"))), IF(AND(ROUND(K77,8)=0, ROUND(N77,8)=0), "Group 5: Flaky | Passed (no variation) AND Failed (no variation) | Equal Means", IF(AND(ROUND(K77,8)>0, ROUND(N77,8)>0), "Group 6: Flaky | Passed (with variation) AND Failed (with variation) | Equal Means", IF(AND(ROUND(K77,8)=0, ROUND(N77,8)>0), "Group 7: Flaky | Passed (no variation) AND Failed (with variation) | Equal Means", "Group 8: Flaky | Passed (with variation) AND Failed (no variation) | Equal Means")))), "Invalid"))) -> Group 1: Flaky | Passed (no variation) AND Failed (no variation) | Different Means | Q77: 38 | R77: 62 | S77: =IF(AND(Q77>0, R77>0), "Observed Flaky Test", "Non-observed Flaky Test") -> Observed Flaky Test | T77: 924972.79 | U77: 210.85324 | V77: =IFERROR(U77/T77*100,"N/A") -> 0.022795616 | W77: 1087593.7 | X77: 200.78856 | Y77: =IFERROR(X77/W77*100,"N/A") -> 0.018461725 | Z77: =IF(AND(Q77>0, R77=0), IF(IFERROR(ROUND(V77,8),0)=0, "Group 9: Only Passed | Without variation (no var CV = 0)", "Group 10: Only Passed | With variation (with var CV > 0)"), IF(AND(Q77=0, R77>0), IF(IFERROR(ROUND(Y77,8),0)=0, "Group 11: Only Failed | Without variation (no var CV = 0)", "Group 12: Only Failed | With variation (with var CV > 0)"), IF(AND(Q77>0, R77>0), IF(ROUND(T77,5)<>ROUND(W77,5), IF(AND(IFERROR(ROUND(V77,8),0)=0, IFERROR(ROUND(Y77,8),0)=0), "Group 1: Flaky | Passed (no variation: CV = 0) AND Failed (no variation: CV = 0) | Different Means", IF(AND(IFERROR(ROUND(V77,8),0)>0, IFERROR(ROUND(Y77,8),0)>0), "Group 2: Flaky | Passed (with variation: CV > 0) AND Failed (with variation: CV > 0) | Different Means", IF(AND(IFERROR(ROUND(V77,8),0)=0, IFERROR(ROUND(Y77,8),0)>0), "Group 3: Flaky | Passed (no variation: CV = 0) AND Failed (with variation: CV > 0) | Different Means", "Group 4: Flaky | Passed (with variation: CV > 0) AND Failed (no variation: CV = 0) | Different Means"))), IF(AND(IFERROR(ROUND(V77,8),0)=0, IFERROR(ROUND(Y77,8),0)=0), "Group 5: Flaky | Passed (no var CV = 0) AND Failed (no var CV = 0) | Equal Means", IF(AND(IFERROR(ROUND(V77,8),0)>0, IFERROR(ROUND(Y77,8),0)>0), "Group 6: Flaky | Passed (with var CV > 0) AND Failed (with var CV > 0) | Equal Means", IF(AND(IFERROR(ROUND(V77,8),0)=0, IFERROR(ROUND(Y77,8),0)>0), "Group 7: Flaky | Passed (no var CV = 0) AND Failed (with var CV > 0) | Equal Means", "Group 8: Flaky | Passed (with var CV > 0) AND Failed (no var CV = 0) | Equal Means")))), "Invalid"))) -> Group 2: Flaky | Passed (with variation: CV > 0) AND Failed (with variation: CV > 0) | Different Means | AA77: 3.309994 | AB77: 0.048225 | AC77: =IFERROR(AB77/AA77*100,"N/A") -> 1.4569513 | AD77: 0.600863 | AE77: 0.020296 | AF77: =IFERROR(AE77/AD77*100,"N/A") -> 3.3778083 | AG77: =IF(AND(Q77>0, R77=0), IF(IFERROR(ROUND(AC77,8),0)=0, "Group 9: Only Passed | Without variation (no var CV = 0)", "Group 10: Only Passed | With variation (with var CV > 0)"), IF(AND(Q77=0, R77>0), IF(IFERROR(ROUND(AF77,8),0)=0, "Group 11: Only Failed | Without variation (no var CV = 0)", "Group 12: Only Failed | With variation (with var CV > 0)"), IF(AND(Q77>0, R77>0), IF(ROUND(AA77,5)<>ROUND(AD77,5), IF(AND(IFERROR(ROUND(AC77,8),0)=0, IFERROR(ROUND(AF77,8),0)=0), "Group 1: Flaky | Passed (no variation: CV = 0) AND Failed (no variation: CV = 0) | Different Means", IF(AND(IFERROR(ROUND(AC77,8),0)>0, IFERROR(ROUND(AF77,8),0)>0), "Group 2: Flaky | Passed (with variation: CV > 0) AND Failed (with variation: CV > 0) | Different Means", IF(AND(IFERROR(ROUND(AC77,8),0)=0, IFERROR(ROUND(AF77,8),0)>0), "Group 3: Flaky | Passed (no variation: CV = 0) AND Failed (with variation: CV > 0) | Different Means", "Group 4: Flaky | Passed (with variation: CV > 0) AND Failed (no variation: CV = 0) | Different Means"))), IF(AND(IFERROR(ROUND(AC77,8),0)=0, IFERROR(ROUND(AF77,8),0)=0), "Group 5: Flaky | Passed (no var CV = 0) AND Failed (no var CV = 0) | Equal Means", IF(AND(IFERROR(ROUND(AC77,8),0)>0, IFERROR(ROUND(AF77,8),0)>0), "Group 6: Flaky | Passed (with var CV > 0) AND Failed (with var CV > 0) | Equal Means", IF(AND(IFERROR(ROUND(AC77,8),0)=0, IFERROR(ROUND(AF77,8),0)>0), "Group 7: Flaky | Passed (no var CV = 0) AND Failed (with var CV > 0) | Equal Means", "Group 8: Flaky | Passed (with var CV > 0) AND Failed (no var CV = 0) | Equal Means")))), "Invalid"))) -> Group 2: Flaky | Passed (with variation: CV > 0) AND Failed (with variation: CV > 0) | Different Means | AH77: 67 | AI77: 33 | AJ77: =IF(AND(AH77>0, AI77>0), "Observed Flaky Test", "Non-observed Flaky Test") -> Observed Flaky Test | AK77: 632 | AL77: 0 | AM77: =IFERROR(AL77/AK77*100,"N/A") -> 0 | AN77: 265 | AO77: 0 | AP77: =IFERROR(AO77/AN77*100,"N/A") -> 0 | AQ77: =IF(AND(AH77>0, AI77>0), IF(ROUND(N(AK77),5)<>ROUND(N(AN77),5), IF(AND(ROUND(N(AL77),8)=0, ROUND(N(AO77),8)=0), "Group 1: Flaky | Passed (no variation: SD = 0) AND Failed (no variation: SD = 0) | Different Means", IF(AND(ROUND(N(AL77),8)>0, ROUND(N(AO77),8)>0), "Group 2: Flaky | Passed (with variation: SD > 0) AND Failed (with variation: SD > 0) | Different Means", IF(AND(ROUND(N(AL77),8)=0, ROUND(N(AO77),8)>0), "Group 3: Flaky | Passed (no variation: SD = 0) AND Failed (with variation: SD > 0) | Different Means", "Group 4: Flaky | Passed (with variation: SD > 0) AND Failed (no variation: SD = 0) | Different Means"))), IF(AND(ROUND(N(AL77),8)=0, ROUND(N(AO77),8)=0), "Group 5: Flaky | Passed (no var SD = 0) AND Failed (no var SD = 0) | Equal Means", IF(AND(ROUND(N(AL77),8)>0, ROUND(N(AO77),8)>0), "Group 6: Flaky | Passed (with var SD > 0 ) AND Failed (with var SD > 0) | Equal Means", IF(AND(ROUND(N(AL77),8)=0, ROUND(N(AO77),8)>0), "Group 7: Flaky | Passed (no var SD = 0) AND Failed (with var SD > 0) | Equal Means", "Group 8: Flaky | Passed (with var SD > 0 ) AND Failed (no var SD = 0) | Equal Means"))) ), IF(AH77>0, IF(N(AL77)>0, "Group 10: Only Passed | With variation (with var SD > 0)", "Group 9: Only Passed | Without variation (no var SD = 0)"), IF(AI77>0, IF(N(AO77)>0, "Group 12: Only Failed | With variation (with var SD > 0)", "Group 11: Only Failed | Without variation (no var SD = 0)"), "Invalid: No Executions (Y=0, Z=0)" ) ) ) -> Group 1: Flaky | Passed (no variation: SD = 0) AND Failed (no variation: SD = 0) | Different Means | AR77: =IF(OR(F77="Observed Flaky Test", I77="Observed Flaky Test", S77="Observed Flaky Test", AJ77="Observed Flaky Test"), "Observed Flaky Test", "Non-observed Flaky Test") -> Observed Flaky Test
B78: test_debug_magic.py::test_debug_magic_passes_through_generators | C78: 53d3bf3b180dcbc0109fc6144338b00fa44055f4d48abcba9df120dc3f7b5816 | D78: 100 | E78: 0 | F78: =IF(AND(D78>0, E78>0), "Observed Flaky Test", "Non-observed Flaky Test") -> Non-observed Flaky Test | G78: 45 | H78: 55 | I78: =IF(AND(G78>0, H78>0), "Observed Flaky Test", "Non-observed Flaky Test") -> Observed Flaky Test | J78: 16.45 | K78: 0 | L78: =IFERROR(K78/J78*100,"N/A") -> 0 | M78: 16.32 | N78: 0 | O78: =IFERROR(N78/M78*100,"N/A") -> 0 | P78: =IF(AND(G78>0, H78=0), IF(ROUND(K78,8)=0, "Group 9: Only Passed | Without variation (SD Passed = 0)", "Group 10: Only Passed | With variation (SD Passed > 0)"), IF(AND(G78=0, H78>0), IF(ROUND(N78,8)=0, "Group 11: Only Failed | Without variation (SD Failed = 0)", "Group 12: Only Failed | With variation (SD Failed > 0)"), IF(AND(G78>0, H78>0), IF(ROUND(J78,5)<>ROUND(M78,5), IF(AND(ROUND(K78,8)=0, ROUND(N78,8)=0), "Group 1: Flaky | Passed (no variation) AND Failed (no variation) | Different Means", IF(AND(ROUND(K78,8)>0, ROUND(N78,8)>0), "Group 2: Flaky | Passed (with variation) AND Failed (with variation) | Different Means", IF(AND(ROUND(K78,8)=0, ROUND(N78,8)>0), "Group 3: Flaky | Passed (no variation) AND Failed (with variation) | Different Means", "Group 4: Flaky | Passed (with variation) AND Failed (no variation) | Different Means"))), IF(AND(ROUND(K78,8)=0, ROUND(N78,8)=0), "Group 5: Flaky | Passed (no variation) AND Failed (no variation) | Equal Means", IF(AND(ROUND(K78,8)>0, ROUND(N78,8)>0), "Group 6: Flaky | Passed (with variation) AND Failed (with variation) | Equal Means", IF(AND(ROUND(K78,8)=0, ROUND(N78,8)>0), "Group 7: Flaky | Passed (no variation) AND Failed (with variation) | Equal Means", "Group 8: Flaky | Passed (with variation) AND Failed (no variation) | Equal Means")))), "Invalid"))) -> Group 1: Flaky | Passed (no variation) AND Failed (no variation) | Different Means | Q78: 27 | R78: 73 | S78: =IF(AND(Q78>0, R78>0), "Observed Flaky Test", "Non-observed Flaky Test") -> Observed Flaky Test | T78: 887594.93 | U78: 94.64343 | V78: =IFERROR(U78/T78*100,"N/A") -> 0.010662908 | W78: 1051015.9 | X78: 113.53424 | Y78: =IFERROR(X78/W78*100,"N/A") -> 0.010802333 | Z78: =IF(AND(Q78>0, R78=0), IF(IFERROR(ROUND(V78,8),0)=0, "Group 9: Only Passed | Without variation (no var CV = 0)", "Group 10: Only Passed | With variation (with var CV > 0)"), IF(AND(Q78=0, R78>0), IF(IFERROR(ROUND(Y78,8),0)=0, "Group 11: Only Failed | Without variation (no var CV = 0)", "Group 12: Only Failed | With variation (with var CV > 0)"), IF(AND(Q78>0, R78>0), IF(ROUND(T78,5)<>ROUND(W78,5), IF(AND(IFERROR(ROUND(V78,8),0)=0, IFERROR(ROUND(Y78,8),0)=0), "Group 1: Flaky | Passed (no variation: CV = 0) AND Failed (no variation: CV = 0) | Different Means", IF(AND(IFERROR(ROUND(V78,8),0)>0, IFERROR(ROUND(Y78,8),0)>0), "Group 2: Flaky | Passed (with variation: CV > 0) AND Failed (with variation: CV > 0) | Different Means", IF(AND(IFERROR(ROUND(V78,8),0)=0, IFERROR(ROUND(Y78,8),0)>0), "Group 3: Flaky | Passed (no variation: CV = 0) AND Failed (with variation: CV > 0) | Different Means", "Group 4: Flaky | Passed (with variation: CV > 0) AND Failed (no variation: CV = 0) | Different Means"))), IF(AND(IFERROR(ROUND(V78,8),0)=0, IFERROR(ROUND(Y78,8),0)=0), "Group 5: Flaky | Passed (no var CV = 0) AND Failed (no var CV = 0) | Equal Means", IF(AND(IFERROR(ROUND(V78,8),0)>0, IFERROR(ROUND(Y78,8),0)>0), "Group 6: Flaky | Passed (with var CV > 0) AND Failed (with var CV > 0) | Equal Means", IF(AND(IFERROR(ROUND(V78,8),0)=0, IFERROR(ROUND(Y78,8),0)>0), "Group 7: Flaky | Passed (no var CV = 0) AND Failed (with var CV > 0) | Equal Means", "Group 8: Flaky | Passed (with var CV > 0) AND Failed (no var CV = 0) | Equal Means")))), "Invalid"))) -> Group 2: Flaky | Passed (with variation: CV > 0) AND Failed (with variation: CV > 0) | Different Means | AA78: 2.487612 | AB78: 0.037554 | AC78: =IFERROR(AB78/AA78*100,"N/A") -> 1.5096406 | AD78: 0.581824 | AE78: 0.012075 | AF78: =IFERROR(AE78/AD78*100,"N/A") -> 2.0753699 | AG78: =IF(AND(Q78>0, R78=0), IF(IFERROR(ROUND(AC78,8),0)=0, "Group 9: Only Passed | Without variation (no var CV = 0)", "Group 10: Only Passed | With variation (with var CV > 0)"), IF(AND(Q78=0, R78>0), IF(IFERROR(ROUND(AF78,8),0)=0, "Group 11: Only Failed | Without variation (no var CV = 0)", "Group 12: Only Failed | With variation (with var CV > 0)"), IF(AND(Q78>0, R78>0), IF(ROUND(AA78,5)<>ROUND(AD78,5), IF(AND(IFERROR(ROUND(AC78,8),0)=0, IFERROR(ROUND(AF78,8),0)=0), "Group 1: Flaky | Passed (no variation: CV = 0) AND Failed (no variation: CV = 0) | Different Means", IF(AND(IFERROR(ROUND(AC78,8),0)>0, IFERROR(ROUND(AF78,8),0)>0), "Group 2: Flaky | Passed (with variation: CV > 0) AND Failed (with variation: CV > 0) | Different Means", IF(AND(IFERROR(ROUND(AC78,8),0)=0, IFERROR(ROUND(AF78,8),0)>0), "Group 3: Flaky | Passed (no variation: CV = 0) AND Failed (with variation: CV > 0) | Different Means", "Group 4: Flaky | Passed (with variation: CV > 0) AND Failed (no variation: CV = 0) | Different Means"))), IF(AND(IFERROR(ROUND(AC78,8),0)=0, IFERROR(ROUND(AF78,8),0)=0), "Group 5: Flaky | Passed (no var CV = 0) AND Failed (no var CV = 0) | Equal Means", IF(AND(IFERROR(ROUND(AC78,8),0)>0, IFERROR(ROUND(AF78,8),0)>0), "Group 6: Flaky | Passed (with var CV > 0) AND Failed (with var CV > 0) | Equal Means", IF(AND(IFERROR(ROUND(AC78,8),0)=0, IFERROR(ROUND(AF78,8),0)>0), "Group 7: Flaky | Passed (no var CV = 0) AND Failed (with var CV > 0) | Equal Means", "Group 8: Flaky | Passed (with var CV > 0) AND Failed (no var CV = 0) | Equal Means")))), "Invalid"))) -> Group 2: Flaky | Passed (with variation: CV > 0) AND Failed (with variation: CV > 0) | Different Means | AH78: 41 | AI78: 59 | AJ78: =IF(AND(AH78>0, AI78>0), "Observed Flaky Test", "Non-observed Flaky Test") -> Observed Flaky Test | AK78: 693 | AL78: 0 | AM78: =IFERROR(AL78/AK78*100,"N/A") -> 0 | AN78: 265 | AO78: 0 | AP78: =IFERROR(AO78/AN78*100,"N/A") -> 0 | AQ78: =IF(AND(AH78>0, AI78>0), IF(ROUND(N(AK78),5)<>ROUND(N(AN78),5), IF(AND(ROUND(N(AL78),8)=0, ROUND(N(AO78),8)=0), "Group 1: Flaky | Passed (no variation: SD = 0) AND Failed (no variation: SD = 0) | Different Means", IF(AND(ROUND(N(AL78),8)>0, ROUND(N(AO78),8)>0), "Group 2: Flaky | Passed (with variation: SD > 0) AND Failed (with variation: SD > 0) | Different Means", IF(AND(ROUND(N(AL78),8)=0, ROUND(N(AO78),8)>0), "Group 3: Flaky | Passed (no variation: SD = 0) AND Failed (with variation: SD > 0) | Different Means", "Group 4: Flaky | Passed (with variation: SD > 0) AND Failed (no variation: SD = 0) | Different Means"))), IF(AND(ROUND(N(AL78),8)=0, ROUND(N(AO78),8)=0), "Group 5: Flaky | Passed (no var SD = 0) AND Failed (no var SD = 0) | Equal Means", IF(AND(ROUND(N(AL78),8)>0, ROUND(N(AO78),8)>0), "Group 6: Flaky | Passed (with var SD > 0 ) AND Failed (with var SD > 0) | Equal Means", IF(AND(ROUND(N(AL78),8)=0, ROUND(N(AO78),8)>0), "Group 7: Flaky | Passed (no var SD = 0) AND Failed (with var SD > 0) | Equal Means", "Group 8: Flaky | Passed (with var SD > 0 ) AND Failed (no var SD = 0) | Equal Means"))) ), IF(AH78>0, IF(N(AL78)>0, "Group 10: Only Passed | With variation (with var SD > 0)", "Group 9: Only Passed | Without variation (no var SD = 0)"), IF(AI78>0, IF(N(AO78)>0, "Group 12: Only Failed | With variation (with var SD > 0)", "Group 11: Only Failed | Without variation (no var SD = 0)"), "Invalid: No Executions (Y=0, Z=0)" ) ) ) -> Group 1: Flaky | Passed (no variation: SD = 0) AND Failed (no variation: SD = 0) | Different Means | AR78: =IF(OR(F78="Observed Flaky Test", I78="Observed Flaky Test", S78="Observed Flaky Test", AJ78="Observed Flaky Test"), "Observed Flaky Test", "Non-observed Flaky Test") -> Observed Flaky Test
B79: test_embed.py::test_nest_embed | C79: 78d01067a30a7030dc694eb0e57cb693d6bce786b7aac2c4b881b2779d162839 | D79: 100 | E79: 0 | F79: =IF(AND(D79>0, E79>0), "Observed Flaky Test", "Non-observed Flaky Test") -> Non-observed Flaky Test | G79: 52 | H79: 48 | I79: =IF(AND(G79>0, H79>0), "Observed Flaky Test", "Non-observed Flaky Test") -> Observed Flaky Test | J79: 16.53 | K79: 0 | L79: =IFERROR(K79/J79*100,"N/A") -> 0 | M79: 16.34 | N79: 0 | O79: =IFERROR(N79/M79*100,"N/A") -> 0 | P79: =IF(AND(G79>0, H79=0), IF(ROUND(K79,8)=0, "Group 9: Only Passed | Without variation (SD Passed = 0)", "Group 10: Only Passed | With variation (SD Passed > 0)"), IF(AND(G79=0, H79>0), IF(ROUND(N79,8)=0, "Group 11: Only Failed | Without variation (SD Failed = 0)", "Group 12: Only Failed | With variation (SD Failed > 0)"), IF(AND(G79>0, H79>0), IF(ROUND(J79,5)<>ROUND(M79,5), IF(AND(ROUND(K79,8)=0, ROUND(N79,8)=0), "Group 1: Flaky | Passed (no variation) AND Failed (no variation) | Different Means", IF(AND(ROUND(K79,8)>0, ROUND(N79,8)>0), "Group 2: Flaky | Passed (with variation) AND Failed (with variation) | Different Means", IF(AND(ROUND(K79,8)=0, ROUND(N79,8)>0), "Group 3: Flaky | Passed (no variation) AND Failed (with variation) | Different Means", "Group 4: Flaky | Passed (with variation) AND Failed (no variation) | Different Means"))), IF(AND(ROUND(K79,8)=0, ROUND(N79,8)=0), "Group 5: Flaky | Passed (no variation) AND Failed (no variation) | Equal Means", IF(AND(ROUND(K79,8)>0, ROUND(N79,8)>0), "Group 6: Flaky | Passed (with variation) AND Failed (with variation) | Equal Means", IF(AND(ROUND(K79,8)=0, ROUND(N79,8)>0), "Group 7: Flaky | Passed (no variation) AND Failed (with variation) | Equal Means", "Group 8: Flaky | Passed (with variation) AND Failed (no variation) | Equal Means")))), "Invalid"))) -> Group 1: Flaky | Passed (no variation) AND Failed (no variation) | Different Means | Q79: 52 | R79: 48 | S79: =IF(AND(Q79>0, R79>0), "Observed Flaky Test", "Non-observed Flaky Test") -> Observed Flaky Test | T79: 889229.48 | U79: 109.67805 | V79: =IFERROR(U79/T79*100,"N/A") -> 0.012334054 | W79: 1051622.4 | X79: 196.57036 | Y79: =IFERROR(X79/W79*100,"N/A") -> 0.018692105 | Z79: =IF(AND(Q79>0, R79=0), IF(IFERROR(ROUND(V79,8),0)=0, "Group 9: Only Passed | Without variation (no var CV = 0)", "Group 10: Only Passed | With variation (with var CV > 0)"), IF(AND(Q79=0, R79>0), IF(IFERROR(ROUND(Y79,8),0)=0, "Group 11: Only Failed | Without variation (no var CV = 0)", "Group 12: Only Failed | With variation (with var CV > 0)"), IF(AND(Q79>0, R79>0), IF(ROUND(T79,5)<>ROUND(W79,5), IF(AND(IFERROR(ROUND(V79,8),0)=0, IFERROR(ROUND(Y79,8),0)=0), "Group 1: Flaky | Passed (no variation: CV = 0) AND Failed (no variation: CV = 0) | Different Means", IF(AND(IFERROR(ROUND(V79,8),0)>0, IFERROR(ROUND(Y79,8),0)>0), "Group 2: Flaky | Passed (with variation: CV > 0) AND Failed (with variation: CV > 0) | Different Means", IF(AND(IFERROR(ROUND(V79,8),0)=0, IFERROR(ROUND(Y79,8),0)>0), "Group 3: Flaky | Passed (no variation: CV = 0) AND Failed (with variation: CV > 0) | Different Means", "Group 4: Flaky | Passed (with variation: CV > 0) AND Failed (no variation: CV = 0) | Different Means"))), IF(AND(IFERROR(ROUND(V79,8),0)=0, IFERROR(ROUND(Y79,8),0)=0), "Group 5: Flaky | Passed (no var CV = 0) AND Failed (no var CV = 0) | Equal Means", IF(AND(IFERROR(ROUND(V79,8),0)>0, IFERROR(ROUND(Y79,8),0)>0), "Group 6: Flaky | Passed (with var CV > 0) AND Failed (with var CV > 0) | Equal Means", IF(AND(IFERROR(ROUND(V79,8),0)=0, IFERROR(ROUND(Y79,8),0)>0), "Group 7: Flaky | Passed (no var CV = 0) AND Failed (with var CV > 0) | Equal Means", "Group 8: Flaky | Passed (with var CV > 0) AND Failed (no var CV = 0) | Equal Means")))), "Invalid"))) -> Group 2: Flaky | Passed (with variation: CV > 0) AND Failed (with variation: CV > 0) | Different Means | AA79: 2.802708 | AB79: 0.032177 | AC79: =IFERROR(AB79/AA79*100,"N/A") -> 1.1480682 | AD79: 0.593241 | AE79: 0.015713 | AF79: =IFERROR(AE79/AD79*100,"N/A") -> 2.6486706 | AG79: =IF(AND(Q79>0, R79=0), IF(IFERROR(ROUND(AC79,8),0)=0, "Group 9: Only Passed | Without variation (no var CV = 0)", "Group 10: Only Passed | With variation (with var CV > 0)"), IF(AND(Q79=0, R79>0), IF(IFERROR(ROUND(AF79,8),0)=0, "Group 11: Only Failed | Without variation (no var CV = 0)", "Group 12: Only Failed | With variation (with var CV > 0)"), IF(AND(Q79>0, R79>0), IF(ROUND(AA79,5)<>ROUND(AD79,5), IF(AND(IFERROR(ROUND(AC79,8),0)=0, IFERROR(ROUND(AF79,8),0)=0), "Group 1: Flaky | Passed (no variation: CV = 0) AND Failed (no variation: CV = 0) | Different Means", IF(AND(IFERROR(ROUND(AC79,8),0)>0, IFERROR(ROUND(AF79,8),0)>0), "Group 2: Flaky | Passed (with variation: CV > 0) AND Failed (with variation: CV > 0) | Different Means", IF(AND(IFERROR(ROUND(AC79,8),0)=0, IFERROR(ROUND(AF79,8),0)>0), "Group 3: Flaky | Passed (no variation: CV = 0) AND Failed (with variation: CV > 0) | Different Means", "Group 4: Flaky | Passed (with variation: CV > 0) AND Failed (no variation: CV = 0) | Different Means"))), IF(AND(IFERROR(ROUND(AC79,8),0)=0, IFERROR(ROUND(AF79,8),0)=0), "Group 5: Flaky | Passed (no var CV = 0) AND Failed (no var CV = 0) | Equal Means", IF(AND(IFERROR(ROUND(AC79,8),0)>0, IFERROR(ROUND(AF79,8),0)>0), "Group 6: Flaky | Passed (with var CV > 0) AND Failed (with var CV > 0) | Equal Means", IF(AND(IFERROR(ROUND(AC79,8),0)=0, IFERROR(ROUND(AF79,8),0)>0), "Group 7: Flaky | Passed (no var CV = 0) AND Failed (with var CV > 0) | Equal Means", "Group 8: Flaky | Passed (with var CV > 0) AND Failed (no var CV = 0) | Equal Means")))), "Invalid"))) -> Group 2: Flaky | Passed (with variation: CV > 0) AND Failed (with variation: CV > 0) | Different Means | AH79: 55 | AI79: 45 | AJ79: =IF(AND(AH79>0, AI79>0), "Observed Flaky Test", "Non-observed Flaky Test") -> Observed Flaky Test | AK79: 633 | AL79: 0 | AM79: =IFERROR(AL79/AK79*100,"N/A") -> 0 | AN79: 265 | AO79: 0 | AP79: =IFERROR(AO79/AN79*100,"N/A") -> 0 | AQ79: =IF(AND(AH79>0, AI79>0), IF(ROUND(N(AK79),5)<>ROUND(N(AN79),5), IF(AND(ROUND(N(AL79),8)=0, ROUND(N(AO79),8)=0), "Group 1: Flaky | Passed (no variation: SD = 0) AND Failed (no variation: SD = 0) | Different Means", IF(AND(ROUND(N(AL79),8)>0, ROUND(N(AO79),8)>0), "Group 2: Flaky | Passed (with variation: SD > 0) AND Failed (with variation: SD > 0) | Different Means", IF(AND(ROUND(N(AL79),8)=0, ROUND(N(AO79),8)>0), "Group 3: Flaky | Passed (no variation: SD = 0) AND Failed (with variation: SD > 0) | Different Means", "Group 4: Flaky | Passed (with variation: SD > 0) AND Failed (no variation: SD = 0) | Different Means"))), IF(AND(ROUND(N(AL79),8)=0, ROUND(N(AO79),8)=0), "Group 5: Flaky | Passed (no var SD = 0) AND Failed (no var SD = 0) | Equal Means", IF(AND(ROUND(N(AL79),8)>0, ROUND(N(AO79),8)>0), "Group 6: Flaky | Passed (with var SD > 0 ) AND Failed (with var SD > 0) | Equal Means", IF(AND(ROUND(N(AL79),8)=0, ROUND(N(AO79),8)>0), "Group 7: Flaky | Passed (no var SD = 0) AND Failed (with var SD > 0) | Equal Means", "Group 8: Flaky | Passed (with var SD > 0 ) AND Failed (no var SD = 0) | Equal Means"))) ), IF(AH79>0, IF(N(AL79)>0, "Group 10: Only Passed | With variation (with var SD > 0)", "Group 9: Only Passed | Without variation (no var SD = 0)"), IF(AI79>0, IF(N(AO79)>0, "Group 12: Only Failed | With variation (with var SD > 0)", "Group 11: Only Failed | Without variation (no var SD = 0)"), "Invalid: No Executions (Y=0, Z=0)" ) ) ) -> Group 1: Flaky | Passed (no variation: SD = 0) AND Failed (no variation: SD = 0) | Different Means | AR79: =IF(OR(F79="Observed Flaky Test", I79="Observed Flaky Test", S79="Observed Flaky Test", AJ79="Observed Flaky Test"), "Observed Flaky Test", "Non-observed Flaky Test") -> Observed Flaky Test
B80: test_tools.py::Test_ipexec_validate::test_exception_path | C80: 1bcdcdf8c4966c59c7cdb45fc04dc7e4037a419d77a553731af4e74bf6e1ba96 | D80: 100 | E80: 0 | F80: =IF(AND(D80>0, E80>0), "Observed Flaky Test", "Non-observed Flaky Test") -> Non-observed Flaky Test | G80: 45 | H80: 55 | I80: =IF(AND(G80>0, H80>0), "Observed Flaky Test", "Non-observed Flaky Test") -> Observed Flaky Test | J80: 17.66 | K80: 0 | L80: =IFERROR(K80/J80*100,"N/A") -> 0 | M80: 16.37 | N80: 0 | O80: =IFERROR(N80/M80*100,"N/A") -> 0 | P80: =IF(AND(G80>0, H80=0), IF(ROUND(K80,8)=0, "Group 9: Only Passed | Without variation (SD Passed = 0)", "Group 10: Only Passed | With variation (SD Passed > 0)"), IF(AND(G80=0, H80>0), IF(ROUND(N80,8)=0, "Group 11: Only Failed | Without variation (SD Failed = 0)", "Group 12: Only Failed | With variation (SD Failed > 0)"), IF(AND(G80>0, H80>0), IF(ROUND(J80,5)<>ROUND(M80,5), IF(AND(ROUND(K80,8)=0, ROUND(N80,8)=0), "Group 1: Flaky | Passed (no variation) AND Failed (no variation) | Different Means", IF(AND(ROUND(K80,8)>0, ROUND(N80,8)>0), "Group 2: Flaky | Passed (with variation) AND Failed (with variation) | Different Means", IF(AND(ROUND(K80,8)=0, ROUND(N80,8)>0), "Group 3: Flaky | Passed (no variation) AND Failed (with variation) | Different Means", "Group 4: Flaky | Passed (with variation) AND Failed (no variation) | Different Means"))), IF(AND(ROUND(K80,8)=0, ROUND(N80,8)=0), "Group 5: Flaky | Passed (no variation) AND Failed (no variation) | Equal Means", IF(AND(ROUND(K80,8)>0, ROUND(N80,8)>0), "Group 6: Flaky | Passed (with variation) AND Failed (with variation) | Equal Means", IF(AND(ROUND(K80,8)=0, ROUND(N80,8)>0), "Group 7: Flaky | Passed (no variation) AND Failed (with variation) | Equal Means", "Group 8: Flaky | Passed (with variation) AND Failed (no variation) | Equal Means")))), "Invalid"))) -> Group 1: Flaky | Passed (no variation) AND Failed (no variation) | Different Means | Q80: 31 | R80: 69 | S80: =IF(AND(Q80>0, R80>0), "Observed Flaky Test", "Non-observed Flaky Test") -> Observed Flaky Test | T80: 889177.19 | U80: 84.720883 | V80: =IFERROR(U80/T80*100,"N/A") -> 0.009528009 | W80: 1054176.1 | X80: 168.97747 | Y80: =IFERROR(X80/W80*100,"N/A") -> 0.01602934 | Z80: =IF(AND(Q80>0, R80=0), IF(IFERROR(ROUND(V80,8),0)=0, "Group 9: Only Passed | Without variation (no var CV = 0)", "Group 10: Only Passed | With variation (with var CV > 0)"), IF(AND(Q80=0, R80>0), IF(IFERROR(ROUND(Y80,8),0)=0, "Group 11: Only Failed | Without variation (no var CV = 0)", "Group 12: Only Failed | With variation (with var CV > 0)"), IF(AND(Q80>0, R80>0), IF(ROUND(T80,5)<>ROUND(W80,5), IF(AND(IFERROR(ROUND(V80,8),0)=0, IFERROR(ROUND(Y80,8),0)=0), "Group 1: Flaky | Passed (no variation: CV = 0) AND Failed (no variation: CV = 0) | Different Means", IF(AND(IFERROR(ROUND(V80,8),0)>0, IFERROR(ROUND(Y80,8),0)>0), "Group 2: Flaky | Passed (with variation: CV > 0) AND Failed (with variation: CV > 0) | Different Means", IF(AND(IFERROR(ROUND(V80,8),0)=0, IFERROR(ROUND(Y80,8),0)>0), "Group 3: Flaky | Passed (no variation: CV = 0) AND Failed (with variation: CV > 0) | Different Means", "Group 4: Flaky | Passed (with variation: CV > 0) AND Failed (no variation: CV = 0) | Different Means"))), IF(AND(IFERROR(ROUND(V80,8),0)=0, IFERROR(ROUND(Y80,8),0)=0), "Group 5: Flaky | Passed (no var CV = 0) AND Failed (no var CV = 0) | Equal Means", IF(AND(IFERROR(ROUND(V80,8),0)>0, IFERROR(ROUND(Y80,8),0)>0), "Group 6: Flaky | Passed (with var CV > 0) AND Failed (with var CV > 0) | Equal Means", IF(AND(IFERROR(ROUND(V80,8),0)=0, IFERROR(ROUND(Y80,8),0)>0), "Group 7: Flaky | Passed (no var CV = 0) AND Failed (with var CV > 0) | Equal Means", "Group 8: Flaky | Passed (with var CV > 0) AND Failed (no var CV = 0) | Equal Means")))), "Invalid"))) -> Group 2: Flaky | Passed (with variation: CV > 0) AND Failed (with variation: CV > 0) | Different Means | AA80: 0.893153 | AB80: 0.025035 | AC80: =IFERROR(AB80/AA80*100,"N/A") -> 2.8029912 | AD80: 0.585325 | AE80: 0.01365 | AF80: =IFERROR(AE80/AD80*100,"N/A") -> 2.3320378 | AG80: =IF(AND(Q80>0, R80=0), IF(IFERROR(ROUND(AC80,8),0)=0, "Group 9: Only Passed | Without variation (no var CV = 0)", "Group 10: Only Passed | With variation (with var CV > 0)"), IF(AND(Q80=0, R80>0), IF(IFERROR(ROUND(AF80,8),0)=0, "Group 11: Only Failed | Without variation (no var CV = 0)", "Group 12: Only Failed | With variation (with var CV > 0)"), IF(AND(Q80>0, R80>0), IF(ROUND(AA80,5)<>ROUND(AD80,5), IF(AND(IFERROR(ROUND(AC80,8),0)=0, IFERROR(ROUND(AF80,8),0)=0), "Group 1: Flaky | Passed (no variation: CV = 0) AND Failed (no variation: CV = 0) | Different Means", IF(AND(IFERROR(ROUND(AC80,8),0)>0, IFERROR(ROUND(AF80,8),0)>0), "Group 2: Flaky | Passed (with variation: CV > 0) AND Failed (with variation: CV > 0) | Different Means", IF(AND(IFERROR(ROUND(AC80,8),0)=0, IFERROR(ROUND(AF80,8),0)>0), "Group 3: Flaky | Passed (no variation: CV = 0) AND Failed (with variation: CV > 0) | Different Means", "Group 4: Flaky | Passed (with variation: CV > 0) AND Failed (no variation: CV = 0) | Different Means"))), IF(AND(IFERROR(ROUND(AC80,8),0)=0, IFERROR(ROUND(AF80,8),0)=0), "Group 5: Flaky | Passed (no var CV = 0) AND Failed (no var CV = 0) | Equal Means", IF(AND(IFERROR(ROUND(AC80,8),0)>0, IFERROR(ROUND(AF80,8),0)>0), "Group 6: Flaky | Passed (with var CV > 0) AND Failed (with var CV > 0) | Equal Means", IF(AND(IFERROR(ROUND(AC80,8),0)=0, IFERROR(ROUND(AF80,8),0)>0), "Group 7: Flaky | Passed (no var CV = 0) AND Failed (with var CV > 0) | Equal Means", "Group 8: Flaky | Passed (with var CV > 0) AND Failed (no var CV = 0) | Equal Means")))), "Invalid"))) -> Group 2: Flaky | Passed (with variation: CV > 0) AND Failed (with variation: CV > 0) | Different Means | AH80: 29 | AI80: 71 | AJ80: =IF(AND(AH80>0, AI80>0), "Observed Flaky Test", "Non-observed Flaky Test") -> Observed Flaky Test | AK80: 1893 | AL80: 0 | AM80: =IFERROR(AL80/AK80*100,"N/A") -> 0 | AN80: 265 | AO80: 0 | AP80: =IFERROR(AO80/AN80*100,"N/A") -> 0 | AQ80: =IF(AND(AH80>0, AI80>0), IF(ROUND(N(AK80),5)<>ROUND(N(AN80),5), IF(AND(ROUND(N(AL80),8)=0, ROUND(N(AO80),8)=0), "Group 1: Flaky | Passed (no variation: SD = 0) AND Failed (no variation: SD = 0) | Different Means", IF(AND(ROUND(N(AL80),8)>0, ROUND(N(AO80),8)>0), "Group 2: Flaky | Passed (with variation: SD > 0) AND Failed (with variation: SD > 0) | Different Means", IF(AND(ROUND(N(AL80),8)=0, ROUND(N(AO80),8)>0), "Group 3: Flaky | Passed (no variation: SD = 0) AND Failed (with variation: SD > 0) | Different Means", "Group 4: Flaky | Passed (with variation: SD > 0) AND Failed (no variation: SD = 0) | Different Means"))), IF(AND(ROUND(N(AL80),8)=0, ROUND(N(AO80),8)=0), "Group 5: Flaky | Passed (no var SD = 0) AND Failed (no var SD = 0) | Equal Means", IF(AND(ROUND(N(AL80),8)>0, ROUND(N(AO80),8)>0), "Group 6: Flaky | Passed (with var SD > 0 ) AND Failed (with var SD > 0) | Equal Means", IF(AND(ROUND(N(AL80),8)=0, ROUND(N(AO80),8)>0), "Group 7: Flaky | Passed (no var SD = 0) AND Failed (with var SD > 0) | Equal Means", "Group 8: Flaky | Passed (with var SD > 0 ) AND Failed (no var SD = 0) | Equal Means"))) ), IF(AH80>0, IF(N(AL80)>0, "Group 10: Only Passed | With variation (with var SD > 0)", "Group 9: Only Passed | Without variation (no var SD = 0)"), IF(AI80>0, IF(N(AO80)>0, "Group 12: Only Failed | With variation (with var SD > 0)", "Group 11: Only Failed | Without variation (no var SD = 0)"), "Invalid: No Executions (Y=0, Z=0)" ) ) ) -> Group 1: Flaky | Passed (no variation: SD = 0) AND Failed (no variation: SD = 0) | Different Means | AR80: =IF(OR(F80="Observed Flaky Test", I80="Observed Flaky Test", S80="Observed Flaky Test", AJ80="Observed Flaky Test"), "Observed Flaky Test", "Non-observed Flaky Test") -> Observed Flaky Test
B81: test_tools.py::Test_ipexec_validate::test_exception_path2 | C81: 1659861a3498fc2e10b2324f18640f86bf527a98cd127669621b253fa83e9d85 | D81: 100 | E81: 0 | F81: =IF(AND(D81>0, E81>0), "Observed Flaky Test", "Non-observed Flaky Test") -> Non-observed Flaky Test | G81: 43 | H81: 57 | I81: =IF(AND(G81>0, H81>0), "Observed Flaky Test", "Non-observed Flaky Test") -> Observed Flaky Test | J81: 17.66 | K81: 0 | L81: =IFERROR(K81/J81*100,"N/A") -> 0 | M81: 16.37 | N81: 0 | O81: =IFERROR(N81/M81*100,"N/A") -> 0 | P81: =IF(AND(G81>0, H81=0), IF(ROUND(K81,8)=0, "Group 9: Only Passed | Without variation (SD Passed = 0)", "Group 10: Only Passed | With variation (SD Passed > 0)"), IF(AND(G81=0, H81>0), IF(ROUND(N81,8)=0, "Group 11: Only Failed | Without variation (SD Failed = 0)", "Group 12: Only Failed | With variation (SD Failed > 0)"), IF(AND(G81>0, H81>0), IF(ROUND(J81,5)<>ROUND(M81,5), IF(AND(ROUND(K81,8)=0, ROUND(N81,8)=0), "Group 1: Flaky | Passed (no variation) AND Failed (no variation) | Different Means", IF(AND(ROUND(K81,8)>0, ROUND(N81,8)>0), "Group 2: Flaky | Passed (with variation) AND Failed (with variation) | Different Means", IF(AND(ROUND(K81,8)=0, ROUND(N81,8)>0), "Group 3: Flaky | Passed (no variation) AND Failed (with variation) | Different Means", "Group 4: Flaky | Passed (with variation) AND Failed (no variation) | Different Means"))), IF(AND(ROUND(K81,8)=0, ROUND(N81,8)=0), "Group 5: Flaky | Passed (no variation) AND Failed (no variation) | Equal Means", IF(AND(ROUND(K81,8)>0, ROUND(N81,8)>0), "Group 6: Flaky | Passed (with variation) AND Failed (with variation) | Equal Means", IF(AND(ROUND(K81,8)=0, ROUND(N81,8)>0), "Group 7: Flaky | Passed (no variation) AND Failed (with variation) | Equal Means", "Group 8: Flaky | Passed (with variation) AND Failed (no variation) | Equal Means")))), "Invalid"))) -> Group 1: Flaky | Passed (no variation) AND Failed (no variation) | Different Means | Q81: 26 | R81: 74 | S81: =IF(AND(Q81>0, R81>0), "Observed Flaky Test", "Non-observed Flaky Test") -> Observed Flaky Test | T81: 889222.23 | U81: 86.527826 | V81: =IFERROR(U81/T81*100,"N/A") -> 0.0097307313 | W81: 1054195.9 | X81: 160.47383 | Y81: =IFERROR(X81/W81*100,"N/A") -> 0.015222392 | Z81: =IF(AND(Q81>0, R81=0), IF(IFERROR(ROUND(V81,8),0)=0, "Group 9: Only Passed | Without variation (no var CV = 0)", "Group 10: Only Passed | With variation (with var CV > 0)"), IF(AND(Q81=0, R81>0), IF(IFERROR(ROUND(Y81,8),0)=0, "Group 11: Only Failed | Without variation (no var CV = 0)", "Group 12: Only Failed | With variation (with var CV > 0)"), IF(AND(Q81>0, R81>0), IF(ROUND(T81,5)<>ROUND(W81,5), IF(AND(IFERROR(ROUND(V81,8),0)=0, IFERROR(ROUND(Y81,8),0)=0), "Group 1: Flaky | Passed (no variation: CV = 0) AND Failed (no variation: CV = 0) | Different Means", IF(AND(IFERROR(ROUND(V81,8),0)>0, IFERROR(ROUND(Y81,8),0)>0), "Group 2: Flaky | Passed (with variation: CV > 0) AND Failed (with variation: CV > 0) | Different Means", IF(AND(IFERROR(ROUND(V81,8),0)=0, IFERROR(ROUND(Y81,8),0)>0), "Group 3: Flaky | Passed (no variation: CV = 0) AND Failed (with variation: CV > 0) | Different Means", "Group 4: Flaky | Passed (with variation: CV > 0) AND Failed (no variation: CV = 0) | Different Means"))), IF(AND(IFERROR(ROUND(V81,8),0)=0, IFERROR(ROUND(Y81,8),0)=0), "Group 5: Flaky | Passed (no var CV = 0) AND Failed (no var CV = 0) | Equal Means", IF(AND(IFERROR(ROUND(V81,8),0)>0, IFERROR(ROUND(Y81,8),0)>0), "Group 6: Flaky | Passed (with var CV > 0) AND Failed (with var CV > 0) | Equal Means", IF(AND(IFERROR(ROUND(V81,8),0)=0, IFERROR(ROUND(Y81,8),0)>0), "Group 7: Flaky | Passed (no var CV = 0) AND Failed (with var CV > 0) | Equal Means", "Group 8: Flaky | Passed (with var CV > 0) AND Failed (no var CV = 0) | Equal Means")))), "Invalid"))) -> Group 2: Flaky | Passed (with variation: CV > 0) AND Failed (with variation: CV > 0) | Different Means | AA81: 0.899752 | AB81: 0.029042 | AC81: =IFERROR(AB81/AA81*100,"N/A") -> 3.2277783 | AD81: 0.591414 | AE81: 0.014358 | AF81: =IFERROR(AE81/AD81*100,"N/A") -> 2.427741 | AG81: =IF(AND(Q81>0, R81=0), IF(IFERROR(ROUND(AC81,8),0)=0, "Group 9: Only Passed | Without variation (no var CV = 0)", "Group 10: Only Passed | With variation (with var CV > 0)"), IF(AND(Q81=0, R81>0), IF(IFERROR(ROUND(AF81,8),0)=0, "Group 11: Only Failed | Without variation (no var CV = 0)", "Group 12: Only Failed | With variation (with var CV > 0)"), IF(AND(Q81>0, R81>0), IF(ROUND(AA81,5)<>ROUND(AD81,5), IF(AND(IFERROR(ROUND(AC81,8),0)=0, IFERROR(ROUND(AF81,8),0)=0), "Group 1: Flaky | Passed (no variation: CV = 0) AND Failed (no variation: CV = 0) | Different Means", IF(AND(IFERROR(ROUND(AC81,8),0)>0, IFERROR(ROUND(AF81,8),0)>0), "Group 2: Flaky | Passed (with variation: CV > 0) AND Failed (with variation: CV > 0) | Different Means", IF(AND(IFERROR(ROUND(AC81,8),0)=0, IFERROR(ROUND(AF81,8),0)>0), "Group 3: Flaky | Passed (no variation: CV = 0) AND Failed (with variation: CV > 0) | Different Means", "Group 4: Flaky | Passed (with variation: CV > 0) AND Failed (no variation: CV = 0) | Different Means"))), IF(AND(IFERROR(ROUND(AC81,8),0)=0, IFERROR(ROUND(AF81,8),0)=0), "Group 5: Flaky | Passed (no var CV = 0) AND Failed (no var CV = 0) | Equal Means", IF(AND(IFERROR(ROUND(AC81,8),0)>0, IFERROR(ROUND(AF81,8),0)>0), "Group 6: Flaky | Passed (with var CV > 0) AND Failed (with var CV > 0) | Equal Means", IF(AND(IFERROR(ROUND(AC81,8),0)=0, IFERROR(ROUND(AF81,8),0)>0), "Group 7: Flaky | Passed (no var CV = 0) AND Failed (with var CV > 0) | Equal Means", "Group 8: Flaky | Passed (with var CV > 0) AND Failed (no var CV = 0) | Equal Means")))), "Invalid"))) -> Group 2: Flaky | Passed (with variation: CV > 0) AND Failed (with variation: CV > 0) | Different Means | AH81: 33 | AI81: 67 | AJ81: =IF(AND(AH81>0, AI81>0), "Observed Flaky Test", "Non-observed Flaky Test") -> Observed Flaky Test | AK81: 1895 | AL81: 0 | AM81: =IFERROR(AL81/AK81*100,"N/A") -> 0 | AN81: 265 | AO81: 0 | AP81: =IFERROR(AO81/AN81*100,"N/A") -> 0 | AQ81: =IF(AND(AH81>0, AI81>0), IF(ROUND(N(AK81),5)<>ROUND(N(AN81),5), IF(AND(ROUND(N(AL81),8)=0, ROUND(N(AO81),8)=0), "Group 1: Flaky | Passed (no variation: SD = 0) AND Failed (no variation: SD = 0) | Different Means", IF(AND(ROUND(N(AL81),8)>0, ROUND(N(AO81),8)>0), "Group 2: Flaky | Passed (with variation: SD > 0) AND Failed (with variation: SD > 0) | Different Means", IF(AND(ROUND(N(AL81),8)=0, ROUND(N(AO81),8)>0), "Group 3: Flaky | Passed (no variation: SD = 0) AND Failed (with variation: SD > 0) | Different Means", "Group 4: Flaky | Passed (with variation: SD > 0) AND Failed (no variation: SD = 0) | Different Means"))), IF(AND(ROUND(N(AL81),8)=0, ROUND(N(AO81),8)=0), "Group 5: Flaky | Passed (no var SD = 0) AND Failed (no var SD = 0) | Equal Means", IF(AND(ROUND(N(AL81),8)>0, ROUND(N(AO81),8)>0), "Group 6: Flaky | Passed (with var SD > 0 ) AND Failed (with var SD > 0) | Equal Means", IF(AND(ROUND(N(AL81),8)=0, ROUND(N(AO81),8)>0), "Group 7: Flaky | Passed (no var SD = 0) AND Failed (with var SD > 0) | Equal Means", "Group 8: Flaky | Passed (with var SD > 0 ) AND Failed (no var SD = 0) | Equal Means"))) ), IF(AH81>0, IF(N(AL81)>0, "Group 10: Only Passed | With variation (with var SD > 0)", "Group 9: Only Passed | Without variation (no var SD = 0)"), IF(AI81>0, IF(N(AO81)>0, "Group 12: Only Failed | With variation (with var SD > 0)", "Group 11: Only Failed | Without variation (no var SD = 0)"), "Invalid: No Executions (Y=0, Z=0)" ) ) ) -> Group 1: Flaky | Passed (no variation: SD = 0) AND Failed (no variation: SD = 0) | Different Means | AR81: =IF(OR(F81="Observed Flaky Test", I81="Observed Flaky Test", S81="Observed Flaky Test", AJ81="Observed Flaky Test"), "Observed Flaky Test", "Non-observed Flaky Test") -> Observed Flaky Test
